"FileName","Year","Month","Length","LengthType","Sex","Special","MPA","FisheryDependent"
"Indonesia-Teluk-Lutjanus_Gibbus_LengthData.csv","2012","-999","27.5","-999","-999","-999","1","0"
"Indonesia-Teluk-Lutjanus_Gibbus_LengthData.csv","2012","-999","28","-999","-999","-999","0","0"
"Indonesia-Teluk-Lutjanus_Gibbus_LengthData.csv","2012","-999","28","-999","-999","-999","0","0"
"Indonesia-Teluk-Lutjanus_Gibbus_LengthData.csv","2012","-999","28","-999","-999","-999","0","0"
"Indonesia-Teluk-Lutjanus_Gibbus_LengthData.csv","2012","-999","28","-999","-999","-999","0","0"
"Indonesia-Teluk-Lutjanus_Gibbus_LengthData.csv","2012","-999","28","-999","-999","-999","0","0"
"Indonesia-Teluk-Lutjanus_Gibbus_LengthData.csv","2012","-999","28","-999","-999","-999","0","0"
"Indonesia-Teluk-Lutjanus_Gibbus_LengthData.csv","2012","-999","28","-999","-999","-999","0","0"
"Indonesia-Teluk-Lutjanus_Gibbus_LengthData.csv","2012","-999","28","-999","-999","-999","0","0"
"Indonesia-Teluk-Lutjanus_Gibbus_LengthData.csv","2012","-999","28","-999","-999","-999","0","0"
"Indonesia-Teluk-Lutjanus_Gibbus_LengthData.csv","2012","-999","28","-999","-999","-999","0","0"
"Indonesia-Teluk-Lutjanus_Gibbus_LengthData.csv","2012","-999","28","-999","-999","-999","0","0"
"Indonesia-Teluk-Lutjanus_Gibbus_LengthData.csv","2012","-999","28","-999","-999","-999","0","0"
"Indonesia-Teluk-Lutjanus_Gibbus_LengthData.csv","2012","-999","28","-999","-999","-999","0","0"
"Indonesia-Teluk-Lutjanus_Gibbus_LengthData.csv","2012","-999","28","-999","-999","-999","0","0"
"Indonesia-Teluk-Lutjanus_Gibbus_LengthData.csv","2012","-999","28","-999","-999","-999","0","0"
"Indonesia-Teluk-Lutjanus_Gibbus_LengthData.csv","2012","-999","28","-999","-999","-999","0","0"
"Indonesia-Teluk-Lutjanus_Gibbus_LengthData.csv","2012","-999","28","-999","-999","-999","0","0"
"Indonesia-Teluk-Lutjanus_Gibbus_LengthData.csv","2012","-999","28","-999","-999","-999","0","0"
"Indonesia-Teluk-Lutjanus_Gibbus_LengthData.csv","2012","-999","28","-999","-999","-999","0","0"
"Indonesia-Teluk-Lutjanus_Gibbus_LengthData.csv","2012","-999","28","-999","-999","-999","0","0"
"Indonesia-Teluk-Lutjanus_Gibbus_LengthData.csv","2012","-999","28","-999","-999","-999","0","0"
"Indonesia-Teluk-Lutjanus_Gibbus_LengthData.csv","2012","-999","28","-999","-999","-999","0","0"
"Indonesia-Teluk-Lutjanus_Gibbus_LengthData.csv","2012","-999","28","-999","-999","-999","0","0"
"Indonesia-Teluk-Lutjanus_Gibbus_LengthData.csv","2012","-999","28","-999","-999","-999","0","0"
"Indonesia-Teluk-Lutjanus_Gibbus_LengthData.csv","2012","-999","28","-999","-999","-999","0","0"
"Indonesia-Teluk-Lutjanus_Gibbus_LengthData.csv","2012","-999","28","-999","-999","-999","0","0"
"Indonesia-Teluk-Lutjanus_Gibbus_LengthData.csv","2012","-999","28","-999","-999","-999","0","0"
"Indonesia-Teluk-Lutjanus_Gibbus_LengthData.csv","2012","-999","28","-999","-999","-999","0","0"
"Indonesia-Teluk-Lutjanus_Gibbus_LengthData.csv","2012","-999","28","-999","-999","-999","0","0"
"Indonesia-Teluk-Lutjanus_Gibbus_LengthData.csv","2012","-999","28","-999","-999","-999","0","0"
"Indonesia-Teluk-Lutjanus_Gibbus_LengthData.csv","2012","-999","28","-999","-999","-999","0","0"
"Indonesia-Teluk-Lutjanus_Gibbus_LengthData.csv","2012","-999","28","-999","-999","-999","0","0"
"Indonesia-Teluk-Lutjanus_Gibbus_LengthData.csv","2012","-999","28","-999","-999","-999","0","0"
"Indonesia-Teluk-Lutjanus_Gibbus_LengthData.csv","2012","-999","28","-999","-999","-999","0","0"
"Indonesia-Teluk-Lutjanus_Gibbus_LengthData.csv","2012","-999","28","-999","-999","-999","0","0"
"Indonesia-Teluk-Lutjanus_Gibbus_LengthData.csv","2012","-999","28","-999","-999","-999","0","0"
"Indonesia-Teluk-Lutjanus_Gibbus_LengthData.csv","2012","-999","28","-999","-999","-999","0","0"
"Indonesia-Teluk-Lutjanus_Gibbus_LengthData.csv","2012","-999","28","-999","-999","-999","0","0"
"Indonesia-Teluk-Lutjanus_Gibbus_LengthData.csv","2012","-999","28","-999","-999","-999","0","0"
"Indonesia-Teluk-Lutjanus_Gibbus_LengthData.csv","2012","-999","28","-999","-999","-999","0","0"
"Indonesia-Teluk-Lutjanus_Gibbus_LengthData.csv","2012","-999","28","-999","-999","-999","0","0"
"Indonesia-Teluk-Lutjanus_Gibbus_LengthData.csv","2012","-999","28","-999","-999","-999","0","0"
"Indonesia-Teluk-Lutjanus_Gibbus_LengthData.csv","2012","-999","28","-999","-999","-999","0","0"
"Indonesia-Teluk-Lutjanus_Gibbus_LengthData.csv","2012","-999","28","-999","-999","-999","0","0"
"Indonesia-Teluk-Lutjanus_Gibbus_LengthData.csv","2012","-999","28","-999","-999","-999","0","0"
"Indonesia-Teluk-Lutjanus_Gibbus_LengthData.csv","2012","-999","28","-999","-999","-999","0","0"
"Indonesia-Teluk-Lutjanus_Gibbus_LengthData.csv","2012","-999","28","-999","-999","-999","0","0"
"Indonesia-Teluk-Lutjanus_Gibbus_LengthData.csv","2012","-999","28","-999","-999","-999","0","0"
"Indonesia-Teluk-Lutjanus_Gibbus_LengthData.csv","2012","-999","28","-999","-999","-999","0","0"
"Indonesia-Teluk-Lutjanus_Gibbus_LengthData.csv","2012","-999","28","-999","-999","-999","0","0"
"Indonesia-Teluk-Lutjanus_Gibbus_LengthData.csv","2012","-999","30","-999","-999","-999","0","0"
"Indonesia-Teluk-Lutjanus_Gibbus_LengthData.csv","2012","-999","30","-999","-999","-999","0","0"
"Indonesia-Teluk-Lutjanus_Gibbus_LengthData.csv","2012","-999","24","-999","-999","-999","0","0"
"Indonesia-Teluk-Lutjanus_Gibbus_LengthData.csv","2012","-999","24","-999","-999","-999","0","0"
"Indonesia-Teluk-Lutjanus_Gibbus_LengthData.csv","2012","-999","24","-999","-999","-999","0","0"
"Indonesia-Teluk-Lutjanus_Gibbus_LengthData.csv","2012","-999","24","-999","-999","-999","0","0"
"Indonesia-Teluk-Lutjanus_Gibbus_LengthData.csv","2012","-999","24","-999","-999","-999","0","0"
"Indonesia-Teluk-Lutjanus_Gibbus_LengthData.csv","2012","-999","24","-999","-999","-999","0","0"
"Indonesia-Teluk-Lutjanus_Gibbus_LengthData.csv","2012","-999","24","-999","-999","-999","0","0"
"Indonesia-Teluk-Lutjanus_Gibbus_LengthData.csv","2012","-999","24","-999","-999","-999","0","0"
"Indonesia-Teluk-Lutjanus_Gibbus_LengthData.csv","2012","-999","24","-999","-999","-999","0","0"
"Indonesia-Teluk-Lutjanus_Gibbus_LengthData.csv","2012","-999","24","-999","-999","-999","0","0"
"Indonesia-Teluk-Lutjanus_Gibbus_LengthData.csv","2012","-999","28","-999","-999","-999","0","0"
"Indonesia-Teluk-Lutjanus_Gibbus_LengthData.csv","2012","-999","28","-999","-999","-999","0","0"
"Indonesia-Teluk-Lutjanus_Gibbus_LengthData.csv","2012","-999","28","-999","-999","-999","0","0"
"Indonesia-Teluk-Lutjanus_Gibbus_LengthData.csv","2012","-999","28","-999","-999","-999","0","0"
"Indonesia-Teluk-Lutjanus_Gibbus_LengthData.csv","2012","-999","28","-999","-999","-999","0","0"
"Indonesia-Teluk-Lutjanus_Gibbus_LengthData.csv","2012","-999","30","-999","-999","-999","0","0"
"Indonesia-Teluk-Lutjanus_Gibbus_LengthData.csv","2012","-999","30","-999","-999","-999","0","0"
"Indonesia-Teluk-Lutjanus_Gibbus_LengthData.csv","2012","-999","30","-999","-999","-999","0","0"
"Indonesia-Teluk-Lutjanus_Gibbus_LengthData.csv","2012","-999","30","-999","-999","-999","0","0"
"Indonesia-Teluk-Lutjanus_Gibbus_LengthData.csv","2012","-999","30","-999","-999","-999","0","0"
"Indonesia-Teluk-Lutjanus_Gibbus_LengthData.csv","2012","-999","30","-999","-999","-999","0","0"
"Indonesia-Teluk-Lutjanus_Gibbus_LengthData.csv","2012","-999","30","-999","-999","-999","0","0"
"Indonesia-Teluk-Lutjanus_Gibbus_LengthData.csv","2012","-999","30","-999","-999","-999","0","0"
"Indonesia-Teluk-Lutjanus_Gibbus_LengthData.csv","2012","-999","30","-999","-999","-999","0","0"
"Indonesia-Teluk-Lutjanus_Gibbus_LengthData.csv","2012","-999","30","-999","-999","-999","0","0"
"Indonesia-Teluk-Lutjanus_Gibbus_LengthData.csv","2012","-999","28","-999","-999","-999","0","0"
"Indonesia-Teluk-Lutjanus_Gibbus_LengthData.csv","2012","-999","28","-999","-999","-999","0","0"
"Indonesia-Teluk-Lutjanus_Gibbus_LengthData.csv","2012","-999","28","-999","-999","-999","0","0"
"Indonesia-Teluk-Lutjanus_Gibbus_LengthData.csv","2012","-999","28","-999","-999","-999","0","0"
"Indonesia-Teluk-Lutjanus_Gibbus_LengthData.csv","2012","-999","28","-999","-999","-999","0","0"
"Indonesia-Teluk-Lutjanus_Gibbus_LengthData.csv","2012","-999","28","-999","-999","-999","0","0"
"Indonesia-Teluk-Lutjanus_Gibbus_LengthData.csv","2012","-999","28","-999","-999","-999","0","0"
"Indonesia-Teluk-Lutjanus_Gibbus_LengthData.csv","2012","-999","28","-999","-999","-999","0","0"
"Indonesia-Teluk-Lutjanus_Gibbus_LengthData.csv","2012","-999","28","-999","-999","-999","0","0"
"Indonesia-Teluk-Lutjanus_Gibbus_LengthData.csv","2012","-999","28","-999","-999","-999","0","0"
"Indonesia-Teluk-Lutjanus_Gibbus_LengthData.csv","2012","-999","28","-999","-999","-999","0","0"
"Indonesia-Teluk-Lutjanus_Gibbus_LengthData.csv","2012","-999","28","-999","-999","-999","0","0"
"Indonesia-Teluk-Lutjanus_Gibbus_LengthData.csv","2012","-999","28","-999","-999","-999","0","0"
"Indonesia-Teluk-Lutjanus_Gibbus_LengthData.csv","2012","-999","28","-999","-999","-999","0","0"
"Indonesia-Teluk-Lutjanus_Gibbus_LengthData.csv","2012","-999","28","-999","-999","-999","0","0"
"Indonesia-Teluk-Lutjanus_Gibbus_LengthData.csv","2012","-999","28","-999","-999","-999","0","0"
"Indonesia-Teluk-Lutjanus_Gibbus_LengthData.csv","2012","-999","28","-999","-999","-999","0","0"
"Indonesia-Teluk-Lutjanus_Gibbus_LengthData.csv","2012","-999","28","-999","-999","-999","0","0"
"Indonesia-Teluk-Lutjanus_Gibbus_LengthData.csv","2012","-999","28","-999","-999","-999","0","0"
"Indonesia-Teluk-Lutjanus_Gibbus_LengthData.csv","2012","-999","28","-999","-999","-999","0","0"
"Indonesia-Teluk-Lutjanus_Gibbus_LengthData.csv","2012","-999","24","-999","-999","-999","0","0"
"Indonesia-Teluk-Lutjanus_Gibbus_LengthData.csv","2012","-999","20","-999","-999","-999","0","0"
"Indonesia-Teluk-Lutjanus_Gibbus_LengthData.csv","2012","-999","20","-999","-999","-999","0","0"
"Indonesia-Teluk-Lutjanus_Gibbus_LengthData.csv","2012","-999","20","-999","-999","-999","0","0"
"Indonesia-Teluk-Lutjanus_Gibbus_LengthData.csv","2012","-999","20","-999","-999","-999","0","0"
"Indonesia-Teluk-Lutjanus_Gibbus_LengthData.csv","2012","-999","28","-999","-999","-999","1","0"
"Indonesia-Teluk-Lutjanus_Gibbus_LengthData.csv","2012","-999","28","-999","-999","-999","1","0"
"Indonesia-Teluk-Lutjanus_Gibbus_LengthData.csv","2012","-999","28","-999","-999","-999","1","0"
"Indonesia-Teluk-Lutjanus_Gibbus_LengthData.csv","2012","-999","28","-999","-999","-999","1","0"
"Indonesia-Teluk-Lutjanus_Gibbus_LengthData.csv","2012","-999","28","-999","-999","-999","1","0"
"Indonesia-Teluk-Lutjanus_Gibbus_LengthData.csv","2012","-999","28","-999","-999","-999","1","0"
"Indonesia-Teluk-Lutjanus_Gibbus_LengthData.csv","2012","-999","28","-999","-999","-999","1","0"
"Indonesia-Teluk-Lutjanus_Gibbus_LengthData.csv","2012","-999","28","-999","-999","-999","1","0"
"Indonesia-Teluk-Lutjanus_Gibbus_LengthData.csv","2012","-999","28","-999","-999","-999","1","0"
"Indonesia-Teluk-Lutjanus_Gibbus_LengthData.csv","2012","-999","28","-999","-999","-999","1","0"
"Indonesia-Teluk-Lutjanus_Gibbus_LengthData.csv","2012","-999","28","-999","-999","-999","1","0"
"Indonesia-Teluk-Lutjanus_Gibbus_LengthData.csv","2012","-999","28","-999","-999","-999","1","0"
"Indonesia-Teluk-Lutjanus_Gibbus_LengthData.csv","2012","-999","28","-999","-999","-999","1","0"
"Indonesia-Teluk-Lutjanus_Gibbus_LengthData.csv","2012","-999","28","-999","-999","-999","1","0"
"Indonesia-Teluk-Lutjanus_Gibbus_LengthData.csv","2012","-999","28","-999","-999","-999","1","0"
"Indonesia-Teluk-Lutjanus_Gibbus_LengthData.csv","2012","-999","28","-999","-999","-999","1","0"
"Indonesia-Teluk-Lutjanus_Gibbus_LengthData.csv","2012","-999","28","-999","-999","-999","1","0"
"Indonesia-Teluk-Lutjanus_Gibbus_LengthData.csv","2012","-999","28","-999","-999","-999","1","0"
"Indonesia-Teluk-Lutjanus_Gibbus_LengthData.csv","2012","-999","28","-999","-999","-999","1","0"
"Indonesia-Teluk-Lutjanus_Gibbus_LengthData.csv","2012","-999","28","-999","-999","-999","1","0"
"Indonesia-Teluk-Lutjanus_Gibbus_LengthData.csv","2012","-999","28","-999","-999","-999","1","0"
"Indonesia-Teluk-Lutjanus_Gibbus_LengthData.csv","2012","-999","28","-999","-999","-999","1","0"
"Indonesia-Teluk-Lutjanus_Gibbus_LengthData.csv","2012","-999","28","-999","-999","-999","1","0"
"Indonesia-Teluk-Lutjanus_Gibbus_LengthData.csv","2012","-999","28","-999","-999","-999","1","0"
"Indonesia-Teluk-Lutjanus_Gibbus_LengthData.csv","2012","-999","28","-999","-999","-999","1","0"
"Indonesia-Teluk-Lutjanus_Gibbus_LengthData.csv","2012","-999","28","-999","-999","-999","1","0"
"Indonesia-Teluk-Lutjanus_Gibbus_LengthData.csv","2012","-999","28","-999","-999","-999","1","0"
"Indonesia-Teluk-Lutjanus_Gibbus_LengthData.csv","2012","-999","28","-999","-999","-999","1","0"
"Indonesia-Teluk-Lutjanus_Gibbus_LengthData.csv","2012","-999","28","-999","-999","-999","1","0"
"Indonesia-Teluk-Lutjanus_Gibbus_LengthData.csv","2012","-999","28","-999","-999","-999","1","0"
"Indonesia-Teluk-Lutjanus_Gibbus_LengthData.csv","2012","-999","26","-999","-999","-999","1","0"
"Indonesia-Teluk-Lutjanus_Gibbus_LengthData.csv","2012","-999","26","-999","-999","-999","1","0"
"Indonesia-Teluk-Lutjanus_Gibbus_LengthData.csv","2012","-999","26","-999","-999","-999","1","0"
"Indonesia-Teluk-Lutjanus_Gibbus_LengthData.csv","2012","-999","26","-999","-999","-999","1","0"
"Indonesia-Teluk-Lutjanus_Gibbus_LengthData.csv","2012","-999","26","-999","-999","-999","1","0"
"Indonesia-Teluk-Lutjanus_Gibbus_LengthData.csv","2012","-999","26","-999","-999","-999","1","0"
"Indonesia-Teluk-Lutjanus_Gibbus_LengthData.csv","2012","-999","26","-999","-999","-999","1","0"
"Indonesia-Teluk-Lutjanus_Gibbus_LengthData.csv","2012","-999","26","-999","-999","-999","1","0"
"Indonesia-Teluk-Lutjanus_Gibbus_LengthData.csv","2012","-999","26","-999","-999","-999","1","0"
"Indonesia-Teluk-Lutjanus_Gibbus_LengthData.csv","2012","-999","26","-999","-999","-999","1","0"
"Indonesia-Teluk-Lutjanus_Gibbus_LengthData.csv","2012","-999","26","-999","-999","-999","1","0"
"Indonesia-Teluk-Lutjanus_Gibbus_LengthData.csv","2012","-999","26","-999","-999","-999","1","0"
"Indonesia-Teluk-Lutjanus_Gibbus_LengthData.csv","2012","-999","26","-999","-999","-999","1","0"
"Indonesia-Teluk-Lutjanus_Gibbus_LengthData.csv","2012","-999","26","-999","-999","-999","1","0"
"Indonesia-Teluk-Lutjanus_Gibbus_LengthData.csv","2012","-999","26","-999","-999","-999","1","0"
"Indonesia-Teluk-Lutjanus_Gibbus_LengthData.csv","2012","-999","26","-999","-999","-999","1","0"
"Indonesia-Teluk-Lutjanus_Gibbus_LengthData.csv","2012","-999","26","-999","-999","-999","1","0"
"Indonesia-Teluk-Lutjanus_Gibbus_LengthData.csv","2012","-999","26","-999","-999","-999","1","0"
"Indonesia-Teluk-Lutjanus_Gibbus_LengthData.csv","2012","-999","26","-999","-999","-999","1","0"
"Indonesia-Teluk-Lutjanus_Gibbus_LengthData.csv","2012","-999","26","-999","-999","-999","1","0"
"Indonesia-Teluk-Lutjanus_Gibbus_LengthData.csv","2012","-999","30","-999","-999","-999","1","0"
"Indonesia-Teluk-Lutjanus_Gibbus_LengthData.csv","2012","-999","30","-999","-999","-999","1","0"
"Indonesia-Teluk-Lutjanus_Gibbus_LengthData.csv","2012","-999","30","-999","-999","-999","1","0"
"Indonesia-Teluk-Lutjanus_Gibbus_LengthData.csv","2012","-999","30","-999","-999","-999","1","0"
"Indonesia-Teluk-Lutjanus_Gibbus_LengthData.csv","2012","-999","30","-999","-999","-999","1","0"
"Indonesia-Teluk-Lutjanus_Gibbus_LengthData.csv","2012","-999","30","-999","-999","-999","1","0"
"Indonesia-Teluk-Lutjanus_Gibbus_LengthData.csv","2012","-999","30","-999","-999","-999","1","0"
"Indonesia-Teluk-Lutjanus_Gibbus_LengthData.csv","2012","-999","30","-999","-999","-999","1","0"
"Indonesia-Teluk-Lutjanus_Gibbus_LengthData.csv","2012","-999","30","-999","-999","-999","1","0"
"Indonesia-Teluk-Lutjanus_Gibbus_LengthData.csv","2012","-999","30","-999","-999","-999","1","0"
"Indonesia-Teluk-Lutjanus_Gibbus_LengthData.csv","2012","-999","26","-999","-999","-999","1","0"
"Indonesia-Teluk-Lutjanus_Gibbus_LengthData.csv","2012","-999","26","-999","-999","-999","1","0"
"Indonesia-Teluk-Lutjanus_Gibbus_LengthData.csv","2012","-999","26","-999","-999","-999","1","0"
"Indonesia-Teluk-Lutjanus_Gibbus_LengthData.csv","2012","-999","26","-999","-999","-999","1","0"
"Indonesia-Teluk-Lutjanus_Gibbus_LengthData.csv","2012","-999","26","-999","-999","-999","1","0"
"Indonesia-Teluk-Lutjanus_Gibbus_LengthData.csv","2012","-999","26","-999","-999","-999","1","0"
"Indonesia-Teluk-Lutjanus_Gibbus_LengthData.csv","2012","-999","26","-999","-999","-999","1","0"
"Indonesia-Teluk-Lutjanus_Gibbus_LengthData.csv","2012","-999","26","-999","-999","-999","1","0"
"Indonesia-Teluk-Lutjanus_Gibbus_LengthData.csv","2012","-999","25","-999","-999","-999","0","0"
"Indonesia-Teluk-Lutjanus_Gibbus_LengthData.csv","2012","-999","25","-999","-999","-999","0","0"
"Indonesia-Teluk-Lutjanus_Gibbus_LengthData.csv","2012","-999","25","-999","-999","-999","0","0"
"Indonesia-Teluk-Lutjanus_Gibbus_LengthData.csv","2012","-999","25","-999","-999","-999","0","0"
"Indonesia-Teluk-Lutjanus_Gibbus_LengthData.csv","2012","-999","25","-999","-999","-999","0","0"
"Indonesia-Teluk-Lutjanus_Gibbus_LengthData.csv","2012","-999","20","-999","-999","-999","0","0"
"Indonesia-Teluk-Lutjanus_Gibbus_LengthData.csv","2012","-999","20","-999","-999","-999","0","0"
"Indonesia-Teluk-Lutjanus_Gibbus_LengthData.csv","2012","-999","20","-999","-999","-999","0","0"
"Indonesia-Teluk-Lutjanus_Gibbus_LengthData.csv","2012","-999","20","-999","-999","-999","0","0"
"Indonesia-Teluk-Lutjanus_Gibbus_LengthData.csv","2012","-999","20","-999","-999","-999","0","0"
"Indonesia-Teluk-Lutjanus_Gibbus_LengthData.csv","2012","-999","20","-999","-999","-999","0","0"
"Indonesia-Teluk-Lutjanus_Gibbus_LengthData.csv","2012","-999","20","-999","-999","-999","0","0"
"Indonesia-Teluk-Lutjanus_Gibbus_LengthData.csv","2012","-999","20","-999","-999","-999","0","0"
"Indonesia-Teluk-Lutjanus_Gibbus_LengthData.csv","2012","-999","20","-999","-999","-999","0","0"
"Indonesia-Teluk-Lutjanus_Gibbus_LengthData.csv","2012","-999","20","-999","-999","-999","0","0"
"Indonesia-Teluk-Lutjanus_Gibbus_LengthData.csv","2012","-999","20","-999","-999","-999","0","0"
"Indonesia-Teluk-Lutjanus_Gibbus_LengthData.csv","2012","-999","20","-999","-999","-999","0","0"
"Indonesia-Teluk-Lutjanus_Gibbus_LengthData.csv","2012","-999","20","-999","-999","-999","0","0"
"Indonesia-Teluk-Lutjanus_Gibbus_LengthData.csv","2012","-999","20","-999","-999","-999","0","0"
"Indonesia-Teluk-Lutjanus_Gibbus_LengthData.csv","2012","-999","20","-999","-999","-999","0","0"
"Indonesia-Teluk-Lutjanus_Gibbus_LengthData.csv","2012","-999","20","-999","-999","-999","0","0"
"Indonesia-Teluk-Lutjanus_Gibbus_LengthData.csv","2012","-999","20","-999","-999","-999","0","0"
"Indonesia-Teluk-Lutjanus_Gibbus_LengthData.csv","2012","-999","20","-999","-999","-999","0","0"
"Indonesia-Teluk-Lutjanus_Gibbus_LengthData.csv","2012","-999","20","-999","-999","-999","0","0"
"Indonesia-Teluk-Lutjanus_Gibbus_LengthData.csv","2012","-999","20","-999","-999","-999","0","0"
"Indonesia-Teluk-Lutjanus_Gibbus_LengthData.csv","2012","-999","20","-999","-999","-999","0","0"
"Indonesia-Teluk-Lutjanus_Gibbus_LengthData.csv","2012","-999","20","-999","-999","-999","0","0"
"Indonesia-Teluk-Lutjanus_Gibbus_LengthData.csv","2012","-999","20","-999","-999","-999","0","0"
"Indonesia-Teluk-Lutjanus_Gibbus_LengthData.csv","2012","-999","20","-999","-999","-999","0","0"
"Indonesia-Teluk-Lutjanus_Gibbus_LengthData.csv","2012","-999","20","-999","-999","-999","0","0"
"Indonesia-Teluk-Lutjanus_Gibbus_LengthData.csv","2012","-999","20","-999","-999","-999","0","0"
"Indonesia-Teluk-Lutjanus_Gibbus_LengthData.csv","2012","-999","20","-999","-999","-999","0","0"
"Indonesia-Teluk-Lutjanus_Gibbus_LengthData.csv","2012","-999","20","-999","-999","-999","0","0"
"Indonesia-Teluk-Lutjanus_Gibbus_LengthData.csv","2012","-999","20","-999","-999","-999","0","0"
"Indonesia-Teluk-Lutjanus_Gibbus_LengthData.csv","2012","-999","20","-999","-999","-999","0","0"
"Indonesia-Teluk-Lutjanus_Gibbus_LengthData.csv","2012","-999","20","-999","-999","-999","0","0"
"Indonesia-Teluk-Lutjanus_Gibbus_LengthData.csv","2012","-999","20","-999","-999","-999","0","0"
"Indonesia-Teluk-Lutjanus_Gibbus_LengthData.csv","2012","-999","20","-999","-999","-999","0","0"
"Indonesia-Teluk-Lutjanus_Gibbus_LengthData.csv","2012","-999","20","-999","-999","-999","0","0"
"Indonesia-Teluk-Lutjanus_Gibbus_LengthData.csv","2012","-999","20","-999","-999","-999","0","0"
"Indonesia-Teluk-Lutjanus_Gibbus_LengthData.csv","2012","-999","20","-999","-999","-999","0","0"
"Indonesia-Teluk-Lutjanus_Gibbus_LengthData.csv","2012","-999","20","-999","-999","-999","0","0"
"Indonesia-Teluk-Lutjanus_Gibbus_LengthData.csv","2012","-999","20","-999","-999","-999","0","0"
"Indonesia-Teluk-Lutjanus_Gibbus_LengthData.csv","2012","-999","20","-999","-999","-999","0","0"
"Indonesia-Teluk-Lutjanus_Gibbus_LengthData.csv","2012","-999","20","-999","-999","-999","0","0"
"Indonesia-Teluk-Lutjanus_Gibbus_LengthData.csv","2012","-999","20","-999","-999","-999","0","0"
"Indonesia-Teluk-Lutjanus_Gibbus_LengthData.csv","2012","-999","20","-999","-999","-999","0","0"
"Indonesia-Teluk-Lutjanus_Gibbus_LengthData.csv","2012","-999","20","-999","-999","-999","0","0"
"Indonesia-Teluk-Lutjanus_Gibbus_LengthData.csv","2012","-999","20","-999","-999","-999","0","0"
"Indonesia-Teluk-Lutjanus_Gibbus_LengthData.csv","2012","-999","20","-999","-999","-999","0","0"
"Indonesia-Teluk-Lutjanus_Gibbus_LengthData.csv","2012","-999","20","-999","-999","-999","0","0"
"Indonesia-Teluk-Lutjanus_Gibbus_LengthData.csv","2012","-999","20","-999","-999","-999","0","0"
"Indonesia-Teluk-Lutjanus_Gibbus_LengthData.csv","2012","-999","20","-999","-999","-999","0","0"
"Indonesia-Teluk-Lutjanus_Gibbus_LengthData.csv","2012","-999","20","-999","-999","-999","0","0"
"Indonesia-Teluk-Lutjanus_Gibbus_LengthData.csv","2012","-999","20","-999","-999","-999","0","0"
"Indonesia-Teluk-Lutjanus_Gibbus_LengthData.csv","2012","-999","20","-999","-999","-999","0","0"
"Indonesia-Teluk-Lutjanus_Gibbus_LengthData.csv","2012","-999","20","-999","-999","-999","0","0"
"Indonesia-Teluk-Lutjanus_Gibbus_LengthData.csv","2012","-999","20","-999","-999","-999","0","0"
"Indonesia-Teluk-Lutjanus_Gibbus_LengthData.csv","2012","-999","20","-999","-999","-999","0","0"
"Indonesia-Teluk-Lutjanus_Gibbus_LengthData.csv","2012","-999","20","-999","-999","-999","0","0"
"Indonesia-Teluk-Lutjanus_Gibbus_LengthData.csv","2012","-999","20","-999","-999","-999","0","0"
"Indonesia-Teluk-Lutjanus_Gibbus_LengthData.csv","2012","-999","20","-999","-999","-999","0","0"
"Indonesia-Teluk-Lutjanus_Gibbus_LengthData.csv","2012","-999","20","-999","-999","-999","0","0"
"Indonesia-Teluk-Lutjanus_Gibbus_LengthData.csv","2012","-999","20","-999","-999","-999","0","0"
"Indonesia-Teluk-Lutjanus_Gibbus_LengthData.csv","2012","-999","20","-999","-999","-999","0","0"
"Indonesia-Teluk-Lutjanus_Gibbus_LengthData.csv","2012","-999","20","-999","-999","-999","0","0"
"Indonesia-Teluk-Lutjanus_Gibbus_LengthData.csv","2012","-999","20","-999","-999","-999","0","0"
"Indonesia-Teluk-Lutjanus_Gibbus_LengthData.csv","2012","-999","20","-999","-999","-999","0","0"
"Indonesia-Teluk-Lutjanus_Gibbus_LengthData.csv","2012","-999","20","-999","-999","-999","0","0"
"Indonesia-Teluk-Lutjanus_Gibbus_LengthData.csv","2012","-999","20","-999","-999","-999","0","0"
"Indonesia-Teluk-Lutjanus_Gibbus_LengthData.csv","2012","-999","20","-999","-999","-999","0","0"
"Indonesia-Teluk-Lutjanus_Gibbus_LengthData.csv","2012","-999","20","-999","-999","-999","0","0"
"Indonesia-Teluk-Lutjanus_Gibbus_LengthData.csv","2012","-999","20","-999","-999","-999","0","0"
"Indonesia-Teluk-Lutjanus_Gibbus_LengthData.csv","2012","-999","20","-999","-999","-999","0","0"
"Indonesia-Teluk-Lutjanus_Gibbus_LengthData.csv","2012","-999","20","-999","-999","-999","0","0"
"Indonesia-Teluk-Lutjanus_Gibbus_LengthData.csv","2012","-999","20","-999","-999","-999","0","0"
"Indonesia-Teluk-Lutjanus_Gibbus_LengthData.csv","2012","-999","20","-999","-999","-999","0","0"
"Indonesia-Teluk-Lutjanus_Gibbus_LengthData.csv","2012","-999","20","-999","-999","-999","0","0"
"Indonesia-Teluk-Lutjanus_Gibbus_LengthData.csv","2012","-999","20","-999","-999","-999","0","0"
"Indonesia-Teluk-Lutjanus_Gibbus_LengthData.csv","2012","-999","20","-999","-999","-999","0","0"
"Indonesia-Teluk-Lutjanus_Gibbus_LengthData.csv","2012","-999","20","-999","-999","-999","0","0"
"Indonesia-Teluk-Lutjanus_Gibbus_LengthData.csv","2012","-999","20","-999","-999","-999","0","0"
"Indonesia-Teluk-Lutjanus_Gibbus_LengthData.csv","2012","-999","20","-999","-999","-999","0","0"
"Indonesia-Teluk-Lutjanus_Gibbus_LengthData.csv","2012","-999","20","-999","-999","-999","0","0"
"Indonesia-Teluk-Lutjanus_Gibbus_LengthData.csv","2012","-999","20","-999","-999","-999","0","0"
"Indonesia-Teluk-Lutjanus_Gibbus_LengthData.csv","2012","-999","20","-999","-999","-999","0","0"
"Indonesia-Teluk-Lutjanus_Gibbus_LengthData.csv","2012","-999","20","-999","-999","-999","0","0"
"Indonesia-Teluk-Lutjanus_Gibbus_LengthData.csv","2012","-999","20","-999","-999","-999","0","0"
"Indonesia-Teluk-Lutjanus_Gibbus_LengthData.csv","2012","-999","20","-999","-999","-999","0","0"
"Indonesia-Teluk-Lutjanus_Gibbus_LengthData.csv","2012","-999","20","-999","-999","-999","0","0"
"Indonesia-Teluk-Lutjanus_Gibbus_LengthData.csv","2012","-999","20","-999","-999","-999","0","0"
"Indonesia-Teluk-Lutjanus_Gibbus_LengthData.csv","2012","-999","20","-999","-999","-999","0","0"
"Indonesia-Teluk-Lutjanus_Gibbus_LengthData.csv","2012","-999","20","-999","-999","-999","0","0"
"Indonesia-Teluk-Lutjanus_Gibbus_LengthData.csv","2012","-999","20","-999","-999","-999","0","0"
"Indonesia-Teluk-Lutjanus_Gibbus_LengthData.csv","2012","-999","20","-999","-999","-999","0","0"
"Indonesia-Teluk-Lutjanus_Gibbus_LengthData.csv","2012","-999","20","-999","-999","-999","0","0"
"Indonesia-Teluk-Lutjanus_Gibbus_LengthData.csv","2012","-999","20","-999","-999","-999","0","0"
"Indonesia-Teluk-Lutjanus_Gibbus_LengthData.csv","2012","-999","20","-999","-999","-999","0","0"
"Indonesia-Teluk-Lutjanus_Gibbus_LengthData.csv","2012","-999","20","-999","-999","-999","0","0"
"Indonesia-Teluk-Lutjanus_Gibbus_LengthData.csv","2012","-999","20","-999","-999","-999","0","0"
"Indonesia-Teluk-Lutjanus_Gibbus_LengthData.csv","2012","-999","20","-999","-999","-999","0","0"
"Indonesia-Teluk-Lutjanus_Gibbus_LengthData.csv","2012","-999","20","-999","-999","-999","0","0"
"Indonesia-Teluk-Lutjanus_Gibbus_LengthData.csv","2012","-999","20","-999","-999","-999","0","0"
"Indonesia-Teluk-Lutjanus_Gibbus_LengthData.csv","2012","-999","20","-999","-999","-999","0","0"
"Indonesia-Teluk-Lutjanus_Gibbus_LengthData.csv","2012","-999","20","-999","-999","-999","0","0"
"Indonesia-Teluk-Lutjanus_Gibbus_LengthData.csv","2012","-999","15","-999","-999","-999","0","0"
"Indonesia-Teluk-Lutjanus_Gibbus_LengthData.csv","2012","-999","15","-999","-999","-999","0","0"
"Indonesia-Teluk-Lutjanus_Gibbus_LengthData.csv","2012","-999","15","-999","-999","-999","0","0"
"Indonesia-Teluk-Lutjanus_Gibbus_LengthData.csv","2012","-999","15","-999","-999","-999","0","0"
"Indonesia-Teluk-Lutjanus_Gibbus_LengthData.csv","2012","-999","15","-999","-999","-999","0","0"
"Indonesia-Teluk-Lutjanus_Gibbus_LengthData.csv","2012","-999","15","-999","-999","-999","0","0"
"Indonesia-Teluk-Lutjanus_Gibbus_LengthData.csv","2012","-999","15","-999","-999","-999","0","0"
"Indonesia-Teluk-Lutjanus_Gibbus_LengthData.csv","2012","-999","15","-999","-999","-999","0","0"
"Indonesia-Teluk-Lutjanus_Gibbus_LengthData.csv","2012","-999","15","-999","-999","-999","0","0"
"Indonesia-Teluk-Lutjanus_Gibbus_LengthData.csv","2012","-999","15","-999","-999","-999","0","0"
"Indonesia-Teluk-Lutjanus_Gibbus_LengthData.csv","2012","-999","15","-999","-999","-999","0","0"
"Indonesia-Teluk-Lutjanus_Gibbus_LengthData.csv","2012","-999","15","-999","-999","-999","0","0"
"Indonesia-Teluk-Lutjanus_Gibbus_LengthData.csv","2012","-999","15","-999","-999","-999","0","0"
"Indonesia-Teluk-Lutjanus_Gibbus_LengthData.csv","2012","-999","15","-999","-999","-999","0","0"
"Indonesia-Teluk-Lutjanus_Gibbus_LengthData.csv","2012","-999","15","-999","-999","-999","0","0"
"Indonesia-Teluk-Lutjanus_Gibbus_LengthData.csv","2012","-999","15","-999","-999","-999","0","0"
"Indonesia-Teluk-Lutjanus_Gibbus_LengthData.csv","2012","-999","15","-999","-999","-999","0","0"
"Indonesia-Teluk-Lutjanus_Gibbus_LengthData.csv","2012","-999","15","-999","-999","-999","0","0"
"Indonesia-Teluk-Lutjanus_Gibbus_LengthData.csv","2012","-999","15","-999","-999","-999","0","0"
"Indonesia-Teluk-Lutjanus_Gibbus_LengthData.csv","2012","-999","15","-999","-999","-999","0","0"
"Indonesia-Teluk-Lutjanus_Gibbus_LengthData.csv","2012","-999","15","-999","-999","-999","0","0"
"Indonesia-Teluk-Lutjanus_Gibbus_LengthData.csv","2012","-999","15","-999","-999","-999","0","0"
"Indonesia-Teluk-Lutjanus_Gibbus_LengthData.csv","2012","-999","15","-999","-999","-999","0","0"
"Indonesia-Teluk-Lutjanus_Gibbus_LengthData.csv","2012","-999","15","-999","-999","-999","0","0"
"Indonesia-Teluk-Lutjanus_Gibbus_LengthData.csv","2012","-999","15","-999","-999","-999","0","0"
"Indonesia-Teluk-Lutjanus_Gibbus_LengthData.csv","2012","-999","15","-999","-999","-999","0","0"
"Indonesia-Teluk-Lutjanus_Gibbus_LengthData.csv","2012","-999","15","-999","-999","-999","0","0"
"Indonesia-Teluk-Lutjanus_Gibbus_LengthData.csv","2012","-999","15","-999","-999","-999","0","0"
"Indonesia-Teluk-Lutjanus_Gibbus_LengthData.csv","2012","-999","15","-999","-999","-999","0","0"
"Indonesia-Teluk-Lutjanus_Gibbus_LengthData.csv","2012","-999","15","-999","-999","-999","0","0"
"Indonesia-Teluk-Lutjanus_Gibbus_LengthData.csv","2012","-999","15","-999","-999","-999","0","0"
"Indonesia-Teluk-Lutjanus_Gibbus_LengthData.csv","2012","-999","15","-999","-999","-999","0","0"
"Indonesia-Teluk-Lutjanus_Gibbus_LengthData.csv","2012","-999","15","-999","-999","-999","0","0"
"Indonesia-Teluk-Lutjanus_Gibbus_LengthData.csv","2012","-999","15","-999","-999","-999","0","0"
"Indonesia-Teluk-Lutjanus_Gibbus_LengthData.csv","2012","-999","15","-999","-999","-999","0","0"
"Indonesia-Teluk-Lutjanus_Gibbus_LengthData.csv","2012","-999","15","-999","-999","-999","0","0"
"Indonesia-Teluk-Lutjanus_Gibbus_LengthData.csv","2012","-999","15","-999","-999","-999","0","0"
"Indonesia-Teluk-Lutjanus_Gibbus_LengthData.csv","2012","-999","15","-999","-999","-999","0","0"
"Indonesia-Teluk-Lutjanus_Gibbus_LengthData.csv","2012","-999","15","-999","-999","-999","0","0"
"Indonesia-Teluk-Lutjanus_Gibbus_LengthData.csv","2012","-999","15","-999","-999","-999","0","0"
"Indonesia-Teluk-Lutjanus_Gibbus_LengthData.csv","2012","-999","15","-999","-999","-999","0","0"
"Indonesia-Teluk-Lutjanus_Gibbus_LengthData.csv","2012","-999","15","-999","-999","-999","0","0"
"Indonesia-Teluk-Lutjanus_Gibbus_LengthData.csv","2012","-999","15","-999","-999","-999","0","0"
"Indonesia-Teluk-Lutjanus_Gibbus_LengthData.csv","2012","-999","15","-999","-999","-999","0","0"
"Indonesia-Teluk-Lutjanus_Gibbus_LengthData.csv","2012","-999","15","-999","-999","-999","0","0"
"Indonesia-Teluk-Lutjanus_Gibbus_LengthData.csv","2012","-999","15","-999","-999","-999","0","0"
"Indonesia-Teluk-Lutjanus_Gibbus_LengthData.csv","2012","-999","15","-999","-999","-999","0","0"
"Indonesia-Teluk-Lutjanus_Gibbus_LengthData.csv","2012","-999","15","-999","-999","-999","0","0"
"Indonesia-Teluk-Lutjanus_Gibbus_LengthData.csv","2012","-999","15","-999","-999","-999","0","0"
"Indonesia-Teluk-Lutjanus_Gibbus_LengthData.csv","2012","-999","15","-999","-999","-999","0","0"
"Indonesia-Teluk-Lutjanus_Gibbus_LengthData.csv","2012","-999","15","-999","-999","-999","0","0"
"Indonesia-Teluk-Lutjanus_Gibbus_LengthData.csv","2012","-999","15","-999","-999","-999","0","0"
"Indonesia-Teluk-Lutjanus_Gibbus_LengthData.csv","2012","-999","15","-999","-999","-999","0","0"
"Indonesia-Teluk-Lutjanus_Gibbus_LengthData.csv","2012","-999","15","-999","-999","-999","0","0"
"Indonesia-Teluk-Lutjanus_Gibbus_LengthData.csv","2012","-999","15","-999","-999","-999","0","0"
"Indonesia-Teluk-Lutjanus_Gibbus_LengthData.csv","2012","-999","15","-999","-999","-999","0","0"
"Indonesia-Teluk-Lutjanus_Gibbus_LengthData.csv","2012","-999","15","-999","-999","-999","0","0"
"Indonesia-Teluk-Lutjanus_Gibbus_LengthData.csv","2012","-999","15","-999","-999","-999","0","0"
"Indonesia-Teluk-Lutjanus_Gibbus_LengthData.csv","2012","-999","15","-999","-999","-999","0","0"
"Indonesia-Teluk-Lutjanus_Gibbus_LengthData.csv","2012","-999","15","-999","-999","-999","0","0"
"Indonesia-Teluk-Lutjanus_Gibbus_LengthData.csv","2012","-999","15","-999","-999","-999","0","0"
"Indonesia-Teluk-Lutjanus_Gibbus_LengthData.csv","2012","-999","15","-999","-999","-999","0","0"
"Indonesia-Teluk-Lutjanus_Gibbus_LengthData.csv","2012","-999","15","-999","-999","-999","0","0"
"Indonesia-Teluk-Lutjanus_Gibbus_LengthData.csv","2012","-999","15","-999","-999","-999","0","0"
"Indonesia-Teluk-Lutjanus_Gibbus_LengthData.csv","2012","-999","15","-999","-999","-999","0","0"
"Indonesia-Teluk-Lutjanus_Gibbus_LengthData.csv","2012","-999","15","-999","-999","-999","0","0"
"Indonesia-Teluk-Lutjanus_Gibbus_LengthData.csv","2012","-999","15","-999","-999","-999","0","0"
"Indonesia-Teluk-Lutjanus_Gibbus_LengthData.csv","2012","-999","15","-999","-999","-999","0","0"
"Indonesia-Teluk-Lutjanus_Gibbus_LengthData.csv","2012","-999","15","-999","-999","-999","0","0"
"Indonesia-Teluk-Lutjanus_Gibbus_LengthData.csv","2012","-999","15","-999","-999","-999","0","0"
"Indonesia-Teluk-Lutjanus_Gibbus_LengthData.csv","2012","-999","15","-999","-999","-999","0","0"
"Indonesia-Teluk-Lutjanus_Gibbus_LengthData.csv","2012","-999","15","-999","-999","-999","0","0"
"Indonesia-Teluk-Lutjanus_Gibbus_LengthData.csv","2012","-999","15","-999","-999","-999","0","0"
"Indonesia-Teluk-Lutjanus_Gibbus_LengthData.csv","2012","-999","15","-999","-999","-999","0","0"
"Indonesia-Teluk-Lutjanus_Gibbus_LengthData.csv","2012","-999","15","-999","-999","-999","0","0"
"Indonesia-Teluk-Lutjanus_Gibbus_LengthData.csv","2012","-999","15","-999","-999","-999","0","0"
"Indonesia-Teluk-Lutjanus_Gibbus_LengthData.csv","2012","-999","15","-999","-999","-999","0","0"
"Indonesia-Teluk-Lutjanus_Gibbus_LengthData.csv","2012","-999","15","-999","-999","-999","0","0"
"Indonesia-Teluk-Lutjanus_Gibbus_LengthData.csv","2012","-999","15","-999","-999","-999","0","0"
"Indonesia-Teluk-Lutjanus_Gibbus_LengthData.csv","2012","-999","15","-999","-999","-999","0","0"
"Indonesia-Teluk-Lutjanus_Gibbus_LengthData.csv","2012","-999","15","-999","-999","-999","0","0"
"Indonesia-Teluk-Lutjanus_Gibbus_LengthData.csv","2012","-999","15","-999","-999","-999","0","0"
"Indonesia-Teluk-Lutjanus_Gibbus_LengthData.csv","2012","-999","15","-999","-999","-999","0","0"
"Indonesia-Teluk-Lutjanus_Gibbus_LengthData.csv","2012","-999","15","-999","-999","-999","0","0"
"Indonesia-Teluk-Lutjanus_Gibbus_LengthData.csv","2012","-999","15","-999","-999","-999","0","0"
"Indonesia-Teluk-Lutjanus_Gibbus_LengthData.csv","2012","-999","15","-999","-999","-999","0","0"
"Indonesia-Teluk-Lutjanus_Gibbus_LengthData.csv","2012","-999","15","-999","-999","-999","0","0"
"Indonesia-Teluk-Lutjanus_Gibbus_LengthData.csv","2012","-999","15","-999","-999","-999","0","0"
"Indonesia-Teluk-Lutjanus_Gibbus_LengthData.csv","2012","-999","15","-999","-999","-999","0","0"
"Indonesia-Teluk-Lutjanus_Gibbus_LengthData.csv","2012","-999","15","-999","-999","-999","0","0"
"Indonesia-Teluk-Lutjanus_Gibbus_LengthData.csv","2012","-999","15","-999","-999","-999","0","0"
"Indonesia-Teluk-Lutjanus_Gibbus_LengthData.csv","2012","-999","15","-999","-999","-999","0","0"
"Indonesia-Teluk-Lutjanus_Gibbus_LengthData.csv","2012","-999","15","-999","-999","-999","0","0"
"Indonesia-Teluk-Lutjanus_Gibbus_LengthData.csv","2012","-999","15","-999","-999","-999","0","0"
"Indonesia-Teluk-Lutjanus_Gibbus_LengthData.csv","2012","-999","15","-999","-999","-999","0","0"
"Indonesia-Teluk-Lutjanus_Gibbus_LengthData.csv","2012","-999","15","-999","-999","-999","0","0"
"Indonesia-Teluk-Lutjanus_Gibbus_LengthData.csv","2012","-999","15","-999","-999","-999","0","0"
"Indonesia-Teluk-Lutjanus_Gibbus_LengthData.csv","2012","-999","15","-999","-999","-999","0","0"
"Indonesia-Teluk-Lutjanus_Gibbus_LengthData.csv","2012","-999","15","-999","-999","-999","0","0"
"Indonesia-Teluk-Lutjanus_Gibbus_LengthData.csv","2012","-999","15","-999","-999","-999","0","0"
"Indonesia-Teluk-Lutjanus_Gibbus_LengthData.csv","2012","-999","15","-999","-999","-999","0","0"
"Indonesia-Teluk-Lutjanus_Gibbus_LengthData.csv","2012","-999","15","-999","-999","-999","0","0"
"Indonesia-Teluk-Lutjanus_Gibbus_LengthData.csv","2012","-999","15","-999","-999","-999","0","0"
"Indonesia-Teluk-Lutjanus_Gibbus_LengthData.csv","2012","-999","15","-999","-999","-999","0","0"
"Indonesia-Teluk-Lutjanus_Gibbus_LengthData.csv","2012","-999","15","-999","-999","-999","0","0"
"Indonesia-Teluk-Lutjanus_Gibbus_LengthData.csv","2012","-999","15","-999","-999","-999","0","0"
"Indonesia-Teluk-Lutjanus_Gibbus_LengthData.csv","2012","-999","15","-999","-999","-999","0","0"
"Indonesia-Teluk-Lutjanus_Gibbus_LengthData.csv","2012","-999","15","-999","-999","-999","0","0"
"Indonesia-Teluk-Lutjanus_Gibbus_LengthData.csv","2012","-999","15","-999","-999","-999","0","0"
"Indonesia-Teluk-Lutjanus_Gibbus_LengthData.csv","2012","-999","15","-999","-999","-999","0","0"
"Indonesia-Teluk-Lutjanus_Gibbus_LengthData.csv","2012","-999","15","-999","-999","-999","0","0"
"Indonesia-Teluk-Lutjanus_Gibbus_LengthData.csv","2012","-999","15","-999","-999","-999","0","0"
"Indonesia-Teluk-Lutjanus_Gibbus_LengthData.csv","2012","-999","15","-999","-999","-999","0","0"
"Indonesia-Teluk-Lutjanus_Gibbus_LengthData.csv","2012","-999","15","-999","-999","-999","0","0"
"Indonesia-Teluk-Lutjanus_Gibbus_LengthData.csv","2012","-999","15","-999","-999","-999","0","0"
"Indonesia-Teluk-Lutjanus_Gibbus_LengthData.csv","2012","-999","15","-999","-999","-999","0","0"
"Indonesia-Teluk-Lutjanus_Gibbus_LengthData.csv","2012","-999","15","-999","-999","-999","0","0"
"Indonesia-Teluk-Lutjanus_Gibbus_LengthData.csv","2012","-999","15","-999","-999","-999","0","0"
"Indonesia-Teluk-Lutjanus_Gibbus_LengthData.csv","2012","-999","15","-999","-999","-999","0","0"
"Indonesia-Teluk-Lutjanus_Gibbus_LengthData.csv","2012","-999","15","-999","-999","-999","0","0"
"Indonesia-Teluk-Lutjanus_Gibbus_LengthData.csv","2012","-999","15","-999","-999","-999","0","0"
"Indonesia-Teluk-Lutjanus_Gibbus_LengthData.csv","2012","-999","15","-999","-999","-999","0","0"
"Indonesia-Teluk-Lutjanus_Gibbus_LengthData.csv","2012","-999","15","-999","-999","-999","0","0"
"Indonesia-Teluk-Lutjanus_Gibbus_LengthData.csv","2012","-999","15","-999","-999","-999","0","0"
"Indonesia-Teluk-Lutjanus_Gibbus_LengthData.csv","2012","-999","15","-999","-999","-999","0","0"
"Indonesia-Teluk-Lutjanus_Gibbus_LengthData.csv","2012","-999","15","-999","-999","-999","0","0"
"Indonesia-Teluk-Lutjanus_Gibbus_LengthData.csv","2012","-999","15","-999","-999","-999","0","0"
"Indonesia-Teluk-Lutjanus_Gibbus_LengthData.csv","2012","-999","15","-999","-999","-999","0","0"
"Indonesia-Teluk-Lutjanus_Gibbus_LengthData.csv","2012","-999","15","-999","-999","-999","0","0"
"Indonesia-Teluk-Lutjanus_Gibbus_LengthData.csv","2012","-999","15","-999","-999","-999","0","0"
"Indonesia-Teluk-Lutjanus_Gibbus_LengthData.csv","2012","-999","15","-999","-999","-999","0","0"
"Indonesia-Teluk-Lutjanus_Gibbus_LengthData.csv","2012","-999","15","-999","-999","-999","0","0"
"Indonesia-Teluk-Lutjanus_Gibbus_LengthData.csv","2012","-999","15","-999","-999","-999","0","0"
"Indonesia-Teluk-Lutjanus_Gibbus_LengthData.csv","2012","-999","15","-999","-999","-999","0","0"
"Indonesia-Teluk-Lutjanus_Gibbus_LengthData.csv","2012","-999","15","-999","-999","-999","0","0"
"Indonesia-Teluk-Lutjanus_Gibbus_LengthData.csv","2012","-999","15","-999","-999","-999","0","0"
"Indonesia-Teluk-Lutjanus_Gibbus_LengthData.csv","2012","-999","15","-999","-999","-999","0","0"
"Indonesia-Teluk-Lutjanus_Gibbus_LengthData.csv","2012","-999","15","-999","-999","-999","0","0"
"Indonesia-Teluk-Lutjanus_Gibbus_LengthData.csv","2012","-999","15","-999","-999","-999","0","0"
"Indonesia-Teluk-Lutjanus_Gibbus_LengthData.csv","2012","-999","15","-999","-999","-999","0","0"
"Indonesia-Teluk-Lutjanus_Gibbus_LengthData.csv","2012","-999","15","-999","-999","-999","0","0"
"Indonesia-Teluk-Lutjanus_Gibbus_LengthData.csv","2012","-999","15","-999","-999","-999","0","0"
"Indonesia-Teluk-Lutjanus_Gibbus_LengthData.csv","2012","-999","15","-999","-999","-999","0","0"
"Indonesia-Teluk-Lutjanus_Gibbus_LengthData.csv","2012","-999","15","-999","-999","-999","0","0"
"Indonesia-Teluk-Lutjanus_Gibbus_LengthData.csv","2012","-999","15","-999","-999","-999","0","0"
"Indonesia-Teluk-Lutjanus_Gibbus_LengthData.csv","2012","-999","15","-999","-999","-999","0","0"
"Indonesia-Teluk-Lutjanus_Gibbus_LengthData.csv","2012","-999","15","-999","-999","-999","0","0"
"Indonesia-Teluk-Lutjanus_Gibbus_LengthData.csv","2012","-999","15","-999","-999","-999","0","0"
"Indonesia-Teluk-Lutjanus_Gibbus_LengthData.csv","2012","-999","15","-999","-999","-999","0","0"
"Indonesia-Teluk-Lutjanus_Gibbus_LengthData.csv","2012","-999","15","-999","-999","-999","0","0"
"Indonesia-Teluk-Lutjanus_Gibbus_LengthData.csv","2012","-999","20","-999","-999","-999","0","0"
"Indonesia-Teluk-Lutjanus_Gibbus_LengthData.csv","2012","-999","20","-999","-999","-999","0","0"
"Indonesia-Teluk-Lutjanus_Gibbus_LengthData.csv","2012","-999","20","-999","-999","-999","0","0"
"Indonesia-Teluk-Lutjanus_Gibbus_LengthData.csv","2012","-999","20","-999","-999","-999","0","0"
"Indonesia-Teluk-Lutjanus_Gibbus_LengthData.csv","2012","-999","20","-999","-999","-999","0","0"
"Indonesia-Teluk-Lutjanus_Gibbus_LengthData.csv","2012","-999","20","-999","-999","-999","0","0"
"Indonesia-Teluk-Lutjanus_Gibbus_LengthData.csv","2012","-999","20","-999","-999","-999","0","0"
"Indonesia-Teluk-Lutjanus_Gibbus_LengthData.csv","2012","-999","20","-999","-999","-999","0","0"
"Indonesia-Teluk-Lutjanus_Gibbus_LengthData.csv","2012","-999","20","-999","-999","-999","0","0"
"Indonesia-Teluk-Lutjanus_Gibbus_LengthData.csv","2012","-999","20","-999","-999","-999","0","0"
"Indonesia-Teluk-Lutjanus_Gibbus_LengthData.csv","2012","-999","20","-999","-999","-999","0","0"
"Indonesia-Teluk-Lutjanus_Gibbus_LengthData.csv","2012","-999","20","-999","-999","-999","0","0"
"Indonesia-Teluk-Lutjanus_Gibbus_LengthData.csv","2012","-999","20","-999","-999","-999","0","0"
"Indonesia-Teluk-Lutjanus_Gibbus_LengthData.csv","2012","-999","20","-999","-999","-999","0","0"
"Indonesia-Teluk-Lutjanus_Gibbus_LengthData.csv","2012","-999","20","-999","-999","-999","0","0"
"Indonesia-Teluk-Lutjanus_Gibbus_LengthData.csv","2012","-999","20","-999","-999","-999","0","0"
"Indonesia-Teluk-Lutjanus_Gibbus_LengthData.csv","2012","-999","20","-999","-999","-999","0","0"
"Indonesia-Teluk-Lutjanus_Gibbus_LengthData.csv","2012","-999","20","-999","-999","-999","0","0"
"Indonesia-Teluk-Lutjanus_Gibbus_LengthData.csv","2012","-999","20","-999","-999","-999","0","0"
"Indonesia-Teluk-Lutjanus_Gibbus_LengthData.csv","2012","-999","20","-999","-999","-999","0","0"
"Indonesia-Teluk-Lutjanus_Gibbus_LengthData.csv","2012","-999","20","-999","-999","-999","0","0"
"Indonesia-Teluk-Lutjanus_Gibbus_LengthData.csv","2012","-999","20","-999","-999","-999","0","0"
"Indonesia-Teluk-Lutjanus_Gibbus_LengthData.csv","2012","-999","20","-999","-999","-999","0","0"
"Indonesia-Teluk-Lutjanus_Gibbus_LengthData.csv","2012","-999","20","-999","-999","-999","0","0"
"Indonesia-Teluk-Lutjanus_Gibbus_LengthData.csv","2012","-999","20","-999","-999","-999","0","0"
"Indonesia-Teluk-Lutjanus_Gibbus_LengthData.csv","2012","-999","20","-999","-999","-999","0","0"
"Indonesia-Teluk-Lutjanus_Gibbus_LengthData.csv","2012","-999","20","-999","-999","-999","0","0"
"Indonesia-Teluk-Lutjanus_Gibbus_LengthData.csv","2012","-999","20","-999","-999","-999","0","0"
"Indonesia-Teluk-Lutjanus_Gibbus_LengthData.csv","2012","-999","20","-999","-999","-999","0","0"
"Indonesia-Teluk-Lutjanus_Gibbus_LengthData.csv","2012","-999","20","-999","-999","-999","0","0"
"Indonesia-Teluk-Lutjanus_Gibbus_LengthData.csv","2012","-999","20","-999","-999","-999","0","0"
"Indonesia-Teluk-Lutjanus_Gibbus_LengthData.csv","2012","-999","20","-999","-999","-999","0","0"
"Indonesia-Teluk-Lutjanus_Gibbus_LengthData.csv","2012","-999","20","-999","-999","-999","0","0"
"Indonesia-Teluk-Lutjanus_Gibbus_LengthData.csv","2012","-999","20","-999","-999","-999","0","0"
"Indonesia-Teluk-Lutjanus_Gibbus_LengthData.csv","2012","-999","20","-999","-999","-999","0","0"
"Indonesia-Teluk-Lutjanus_Gibbus_LengthData.csv","2012","-999","20","-999","-999","-999","0","0"
"Indonesia-Teluk-Lutjanus_Gibbus_LengthData.csv","2012","-999","20","-999","-999","-999","0","0"
"Indonesia-Teluk-Lutjanus_Gibbus_LengthData.csv","2012","-999","20","-999","-999","-999","0","0"
"Indonesia-Teluk-Lutjanus_Gibbus_LengthData.csv","2012","-999","20","-999","-999","-999","0","0"
"Indonesia-Teluk-Lutjanus_Gibbus_LengthData.csv","2012","-999","20","-999","-999","-999","0","0"
"Indonesia-Teluk-Lutjanus_Gibbus_LengthData.csv","2012","-999","20","-999","-999","-999","0","0"
"Indonesia-Teluk-Lutjanus_Gibbus_LengthData.csv","2012","-999","20","-999","-999","-999","0","0"
"Indonesia-Teluk-Lutjanus_Gibbus_LengthData.csv","2012","-999","20","-999","-999","-999","0","0"
"Indonesia-Teluk-Lutjanus_Gibbus_LengthData.csv","2012","-999","20","-999","-999","-999","0","0"
"Indonesia-Teluk-Lutjanus_Gibbus_LengthData.csv","2012","-999","20","-999","-999","-999","0","0"
"Indonesia-Teluk-Lutjanus_Gibbus_LengthData.csv","2012","-999","20","-999","-999","-999","0","0"
"Indonesia-Teluk-Lutjanus_Gibbus_LengthData.csv","2012","-999","20","-999","-999","-999","0","0"
"Indonesia-Teluk-Lutjanus_Gibbus_LengthData.csv","2012","-999","20","-999","-999","-999","0","0"
"Indonesia-Teluk-Lutjanus_Gibbus_LengthData.csv","2012","-999","20","-999","-999","-999","0","0"
"Indonesia-Teluk-Lutjanus_Gibbus_LengthData.csv","2012","-999","20","-999","-999","-999","0","0"
"Indonesia-Teluk-Lutjanus_Gibbus_LengthData.csv","2012","-999","20","-999","-999","-999","0","0"
"Indonesia-Teluk-Lutjanus_Gibbus_LengthData.csv","2012","-999","20","-999","-999","-999","0","0"
"Indonesia-Teluk-Lutjanus_Gibbus_LengthData.csv","2012","-999","20","-999","-999","-999","0","0"
"Indonesia-Teluk-Lutjanus_Gibbus_LengthData.csv","2012","-999","20","-999","-999","-999","0","0"
"Indonesia-Teluk-Lutjanus_Gibbus_LengthData.csv","2012","-999","20","-999","-999","-999","0","0"
"Indonesia-Teluk-Lutjanus_Gibbus_LengthData.csv","2012","-999","20","-999","-999","-999","0","0"
"Indonesia-Teluk-Lutjanus_Gibbus_LengthData.csv","2012","-999","20","-999","-999","-999","0","0"
"Indonesia-Teluk-Lutjanus_Gibbus_LengthData.csv","2012","-999","20","-999","-999","-999","0","0"
"Indonesia-Teluk-Lutjanus_Gibbus_LengthData.csv","2012","-999","20","-999","-999","-999","0","0"
"Indonesia-Teluk-Lutjanus_Gibbus_LengthData.csv","2012","-999","20","-999","-999","-999","0","0"
"Indonesia-Teluk-Lutjanus_Gibbus_LengthData.csv","2012","-999","20","-999","-999","-999","0","0"
"Indonesia-Teluk-Lutjanus_Gibbus_LengthData.csv","2012","-999","20","-999","-999","-999","0","0"
"Indonesia-Teluk-Lutjanus_Gibbus_LengthData.csv","2012","-999","20","-999","-999","-999","0","0"
"Indonesia-Teluk-Lutjanus_Gibbus_LengthData.csv","2012","-999","20","-999","-999","-999","0","0"
"Indonesia-Teluk-Lutjanus_Gibbus_LengthData.csv","2012","-999","20","-999","-999","-999","0","0"
"Indonesia-Teluk-Lutjanus_Gibbus_LengthData.csv","2012","-999","20","-999","-999","-999","0","0"
"Indonesia-Teluk-Lutjanus_Gibbus_LengthData.csv","2012","-999","20","-999","-999","-999","0","0"
"Indonesia-Teluk-Lutjanus_Gibbus_LengthData.csv","2012","-999","20","-999","-999","-999","0","0"
"Indonesia-Teluk-Lutjanus_Gibbus_LengthData.csv","2012","-999","20","-999","-999","-999","0","0"
"Indonesia-Teluk-Lutjanus_Gibbus_LengthData.csv","2012","-999","20","-999","-999","-999","0","0"
"Indonesia-Teluk-Lutjanus_Gibbus_LengthData.csv","2012","-999","20","-999","-999","-999","0","0"
"Indonesia-Teluk-Lutjanus_Gibbus_LengthData.csv","2012","-999","20","-999","-999","-999","0","0"
"Indonesia-Teluk-Lutjanus_Gibbus_LengthData.csv","2012","-999","20","-999","-999","-999","0","0"
"Indonesia-Teluk-Lutjanus_Gibbus_LengthData.csv","2012","-999","20","-999","-999","-999","0","0"
"Indonesia-Teluk-Lutjanus_Gibbus_LengthData.csv","2012","-999","20","-999","-999","-999","0","0"
"Indonesia-Teluk-Lutjanus_Gibbus_LengthData.csv","2012","-999","20","-999","-999","-999","0","0"
"Indonesia-Teluk-Lutjanus_Gibbus_LengthData.csv","2012","-999","20","-999","-999","-999","0","0"
"Indonesia-Teluk-Lutjanus_Gibbus_LengthData.csv","2012","-999","20","-999","-999","-999","0","0"
"Indonesia-Teluk-Lutjanus_Gibbus_LengthData.csv","2012","-999","20","-999","-999","-999","0","0"
"Indonesia-Teluk-Lutjanus_Gibbus_LengthData.csv","2012","-999","20","-999","-999","-999","0","0"
"Indonesia-Teluk-Lutjanus_Gibbus_LengthData.csv","2012","-999","20","-999","-999","-999","0","0"
"Indonesia-Teluk-Lutjanus_Gibbus_LengthData.csv","2012","-999","20","-999","-999","-999","0","0"
"Indonesia-Teluk-Lutjanus_Gibbus_LengthData.csv","2012","-999","20","-999","-999","-999","0","0"
"Indonesia-Teluk-Lutjanus_Gibbus_LengthData.csv","2012","-999","20","-999","-999","-999","0","0"
"Indonesia-Teluk-Lutjanus_Gibbus_LengthData.csv","2012","-999","20","-999","-999","-999","0","0"
"Indonesia-Teluk-Lutjanus_Gibbus_LengthData.csv","2012","-999","20","-999","-999","-999","0","0"
"Indonesia-Teluk-Lutjanus_Gibbus_LengthData.csv","2012","-999","20","-999","-999","-999","0","0"
"Indonesia-Teluk-Lutjanus_Gibbus_LengthData.csv","2012","-999","20","-999","-999","-999","0","0"
"Indonesia-Teluk-Lutjanus_Gibbus_LengthData.csv","2012","-999","20","-999","-999","-999","0","0"
"Indonesia-Teluk-Lutjanus_Gibbus_LengthData.csv","2012","-999","20","-999","-999","-999","0","0"
"Indonesia-Teluk-Lutjanus_Gibbus_LengthData.csv","2012","-999","20","-999","-999","-999","0","0"
"Indonesia-Teluk-Lutjanus_Gibbus_LengthData.csv","2012","-999","20","-999","-999","-999","0","0"
"Indonesia-Teluk-Lutjanus_Gibbus_LengthData.csv","2012","-999","20","-999","-999","-999","0","0"
"Indonesia-Teluk-Lutjanus_Gibbus_LengthData.csv","2012","-999","20","-999","-999","-999","0","0"
"Indonesia-Teluk-Lutjanus_Gibbus_LengthData.csv","2012","-999","20","-999","-999","-999","0","0"
"Indonesia-Teluk-Lutjanus_Gibbus_LengthData.csv","2012","-999","20","-999","-999","-999","0","0"
"Indonesia-Teluk-Lutjanus_Gibbus_LengthData.csv","2012","-999","20","-999","-999","-999","0","0"
"Indonesia-Teluk-Lutjanus_Gibbus_LengthData.csv","2012","-999","20","-999","-999","-999","0","0"
"Indonesia-Teluk-Lutjanus_Gibbus_LengthData.csv","2012","-999","20","-999","-999","-999","0","0"
"Indonesia-Teluk-Lutjanus_Gibbus_LengthData.csv","2012","-999","20","-999","-999","-999","0","0"
"Indonesia-Teluk-Lutjanus_Gibbus_LengthData.csv","2012","-999","15","-999","-999","-999","0","0"
"Indonesia-Teluk-Lutjanus_Gibbus_LengthData.csv","2012","-999","15","-999","-999","-999","0","0"
"Indonesia-Teluk-Lutjanus_Gibbus_LengthData.csv","2012","-999","15","-999","-999","-999","0","0"
"Indonesia-Teluk-Lutjanus_Gibbus_LengthData.csv","2012","-999","15","-999","-999","-999","0","0"
"Indonesia-Teluk-Lutjanus_Gibbus_LengthData.csv","2012","-999","15","-999","-999","-999","0","0"
"Indonesia-Teluk-Lutjanus_Gibbus_LengthData.csv","2012","-999","15","-999","-999","-999","0","0"
"Indonesia-Teluk-Lutjanus_Gibbus_LengthData.csv","2012","-999","15","-999","-999","-999","0","0"
"Indonesia-Teluk-Lutjanus_Gibbus_LengthData.csv","2012","-999","15","-999","-999","-999","0","0"
"Indonesia-Teluk-Lutjanus_Gibbus_LengthData.csv","2012","-999","15","-999","-999","-999","0","0"
"Indonesia-Teluk-Lutjanus_Gibbus_LengthData.csv","2012","-999","15","-999","-999","-999","0","0"
"Indonesia-Teluk-Lutjanus_Gibbus_LengthData.csv","2012","-999","15","-999","-999","-999","0","0"
"Indonesia-Teluk-Lutjanus_Gibbus_LengthData.csv","2012","-999","15","-999","-999","-999","0","0"
"Indonesia-Teluk-Lutjanus_Gibbus_LengthData.csv","2012","-999","15","-999","-999","-999","0","0"
"Indonesia-Teluk-Lutjanus_Gibbus_LengthData.csv","2012","-999","15","-999","-999","-999","0","0"
"Indonesia-Teluk-Lutjanus_Gibbus_LengthData.csv","2012","-999","15","-999","-999","-999","0","0"
"Indonesia-Teluk-Lutjanus_Gibbus_LengthData.csv","2012","-999","15","-999","-999","-999","0","0"
"Indonesia-Teluk-Lutjanus_Gibbus_LengthData.csv","2012","-999","15","-999","-999","-999","0","0"
"Indonesia-Teluk-Lutjanus_Gibbus_LengthData.csv","2012","-999","15","-999","-999","-999","0","0"
"Indonesia-Teluk-Lutjanus_Gibbus_LengthData.csv","2012","-999","15","-999","-999","-999","0","0"
"Indonesia-Teluk-Lutjanus_Gibbus_LengthData.csv","2012","-999","15","-999","-999","-999","0","0"
"Indonesia-Teluk-Lutjanus_Gibbus_LengthData.csv","2012","-999","15","-999","-999","-999","0","0"
"Indonesia-Teluk-Lutjanus_Gibbus_LengthData.csv","2012","-999","15","-999","-999","-999","0","0"
"Indonesia-Teluk-Lutjanus_Gibbus_LengthData.csv","2012","-999","15","-999","-999","-999","0","0"
"Indonesia-Teluk-Lutjanus_Gibbus_LengthData.csv","2012","-999","15","-999","-999","-999","0","0"
"Indonesia-Teluk-Lutjanus_Gibbus_LengthData.csv","2012","-999","15","-999","-999","-999","0","0"
"Indonesia-Teluk-Lutjanus_Gibbus_LengthData.csv","2012","-999","15","-999","-999","-999","0","0"
"Indonesia-Teluk-Lutjanus_Gibbus_LengthData.csv","2012","-999","15","-999","-999","-999","0","0"
"Indonesia-Teluk-Lutjanus_Gibbus_LengthData.csv","2012","-999","15","-999","-999","-999","0","0"
"Indonesia-Teluk-Lutjanus_Gibbus_LengthData.csv","2012","-999","15","-999","-999","-999","0","0"
"Indonesia-Teluk-Lutjanus_Gibbus_LengthData.csv","2012","-999","15","-999","-999","-999","0","0"
"Indonesia-Teluk-Lutjanus_Gibbus_LengthData.csv","2012","-999","15","-999","-999","-999","0","0"
"Indonesia-Teluk-Lutjanus_Gibbus_LengthData.csv","2012","-999","15","-999","-999","-999","0","0"
"Indonesia-Teluk-Lutjanus_Gibbus_LengthData.csv","2012","-999","15","-999","-999","-999","0","0"
"Indonesia-Teluk-Lutjanus_Gibbus_LengthData.csv","2012","-999","15","-999","-999","-999","0","0"
"Indonesia-Teluk-Lutjanus_Gibbus_LengthData.csv","2012","-999","15","-999","-999","-999","0","0"
"Indonesia-Teluk-Lutjanus_Gibbus_LengthData.csv","2012","-999","15","-999","-999","-999","0","0"
"Indonesia-Teluk-Lutjanus_Gibbus_LengthData.csv","2012","-999","15","-999","-999","-999","0","0"
"Indonesia-Teluk-Lutjanus_Gibbus_LengthData.csv","2012","-999","15","-999","-999","-999","0","0"
"Indonesia-Teluk-Lutjanus_Gibbus_LengthData.csv","2012","-999","15","-999","-999","-999","0","0"
"Indonesia-Teluk-Lutjanus_Gibbus_LengthData.csv","2012","-999","15","-999","-999","-999","0","0"
"Indonesia-Teluk-Lutjanus_Gibbus_LengthData.csv","2012","-999","15","-999","-999","-999","0","0"
"Indonesia-Teluk-Lutjanus_Gibbus_LengthData.csv","2012","-999","15","-999","-999","-999","0","0"
"Indonesia-Teluk-Lutjanus_Gibbus_LengthData.csv","2012","-999","15","-999","-999","-999","0","0"
"Indonesia-Teluk-Lutjanus_Gibbus_LengthData.csv","2012","-999","15","-999","-999","-999","0","0"
"Indonesia-Teluk-Lutjanus_Gibbus_LengthData.csv","2012","-999","15","-999","-999","-999","0","0"
"Indonesia-Teluk-Lutjanus_Gibbus_LengthData.csv","2012","-999","15","-999","-999","-999","0","0"
"Indonesia-Teluk-Lutjanus_Gibbus_LengthData.csv","2012","-999","15","-999","-999","-999","0","0"
"Indonesia-Teluk-Lutjanus_Gibbus_LengthData.csv","2012","-999","15","-999","-999","-999","0","0"
"Indonesia-Teluk-Lutjanus_Gibbus_LengthData.csv","2012","-999","15","-999","-999","-999","0","0"
"Indonesia-Teluk-Lutjanus_Gibbus_LengthData.csv","2012","-999","15","-999","-999","-999","0","0"
"Indonesia-Teluk-Lutjanus_Gibbus_LengthData.csv","2012","-999","15","-999","-999","-999","0","0"
"Indonesia-Teluk-Lutjanus_Gibbus_LengthData.csv","2012","-999","15","-999","-999","-999","0","0"
"Indonesia-Teluk-Lutjanus_Gibbus_LengthData.csv","2012","-999","15","-999","-999","-999","0","0"
"Indonesia-Teluk-Lutjanus_Gibbus_LengthData.csv","2012","-999","15","-999","-999","-999","0","0"
"Indonesia-Teluk-Lutjanus_Gibbus_LengthData.csv","2012","-999","15","-999","-999","-999","0","0"
"Indonesia-Teluk-Lutjanus_Gibbus_LengthData.csv","2012","-999","15","-999","-999","-999","0","0"
"Indonesia-Teluk-Lutjanus_Gibbus_LengthData.csv","2012","-999","15","-999","-999","-999","0","0"
"Indonesia-Teluk-Lutjanus_Gibbus_LengthData.csv","2012","-999","15","-999","-999","-999","0","0"
"Indonesia-Teluk-Lutjanus_Gibbus_LengthData.csv","2012","-999","15","-999","-999","-999","0","0"
"Indonesia-Teluk-Lutjanus_Gibbus_LengthData.csv","2012","-999","15","-999","-999","-999","0","0"
"Indonesia-Teluk-Lutjanus_Gibbus_LengthData.csv","2012","-999","15","-999","-999","-999","0","0"
"Indonesia-Teluk-Lutjanus_Gibbus_LengthData.csv","2012","-999","15","-999","-999","-999","0","0"
"Indonesia-Teluk-Lutjanus_Gibbus_LengthData.csv","2012","-999","15","-999","-999","-999","0","0"
"Indonesia-Teluk-Lutjanus_Gibbus_LengthData.csv","2012","-999","15","-999","-999","-999","0","0"
"Indonesia-Teluk-Lutjanus_Gibbus_LengthData.csv","2012","-999","15","-999","-999","-999","0","0"
"Indonesia-Teluk-Lutjanus_Gibbus_LengthData.csv","2012","-999","15","-999","-999","-999","0","0"
"Indonesia-Teluk-Lutjanus_Gibbus_LengthData.csv","2012","-999","15","-999","-999","-999","0","0"
"Indonesia-Teluk-Lutjanus_Gibbus_LengthData.csv","2012","-999","15","-999","-999","-999","0","0"
"Indonesia-Teluk-Lutjanus_Gibbus_LengthData.csv","2012","-999","15","-999","-999","-999","0","0"
"Indonesia-Teluk-Lutjanus_Gibbus_LengthData.csv","2012","-999","15","-999","-999","-999","0","0"
"Indonesia-Teluk-Lutjanus_Gibbus_LengthData.csv","2012","-999","15","-999","-999","-999","0","0"
"Indonesia-Teluk-Lutjanus_Gibbus_LengthData.csv","2012","-999","15","-999","-999","-999","0","0"
"Indonesia-Teluk-Lutjanus_Gibbus_LengthData.csv","2012","-999","15","-999","-999","-999","0","0"
"Indonesia-Teluk-Lutjanus_Gibbus_LengthData.csv","2012","-999","15","-999","-999","-999","0","0"
"Indonesia-Teluk-Lutjanus_Gibbus_LengthData.csv","2012","-999","15","-999","-999","-999","0","0"
"Indonesia-Teluk-Lutjanus_Gibbus_LengthData.csv","2012","-999","15","-999","-999","-999","0","0"
"Indonesia-Teluk-Lutjanus_Gibbus_LengthData.csv","2012","-999","15","-999","-999","-999","0","0"
"Indonesia-Teluk-Lutjanus_Gibbus_LengthData.csv","2012","-999","15","-999","-999","-999","0","0"
"Indonesia-Teluk-Lutjanus_Gibbus_LengthData.csv","2012","-999","15","-999","-999","-999","0","0"
"Indonesia-Teluk-Lutjanus_Gibbus_LengthData.csv","2012","-999","15","-999","-999","-999","0","0"
"Indonesia-Teluk-Lutjanus_Gibbus_LengthData.csv","2012","-999","15","-999","-999","-999","0","0"
"Indonesia-Teluk-Lutjanus_Gibbus_LengthData.csv","2012","-999","15","-999","-999","-999","0","0"
"Indonesia-Teluk-Lutjanus_Gibbus_LengthData.csv","2012","-999","15","-999","-999","-999","0","0"
"Indonesia-Teluk-Lutjanus_Gibbus_LengthData.csv","2012","-999","15","-999","-999","-999","0","0"
"Indonesia-Teluk-Lutjanus_Gibbus_LengthData.csv","2012","-999","15","-999","-999","-999","0","0"
"Indonesia-Teluk-Lutjanus_Gibbus_LengthData.csv","2012","-999","15","-999","-999","-999","0","0"
"Indonesia-Teluk-Lutjanus_Gibbus_LengthData.csv","2012","-999","15","-999","-999","-999","0","0"
"Indonesia-Teluk-Lutjanus_Gibbus_LengthData.csv","2012","-999","15","-999","-999","-999","0","0"
"Indonesia-Teluk-Lutjanus_Gibbus_LengthData.csv","2012","-999","15","-999","-999","-999","0","0"
"Indonesia-Teluk-Lutjanus_Gibbus_LengthData.csv","2012","-999","15","-999","-999","-999","0","0"
"Indonesia-Teluk-Lutjanus_Gibbus_LengthData.csv","2012","-999","15","-999","-999","-999","0","0"
"Indonesia-Teluk-Lutjanus_Gibbus_LengthData.csv","2012","-999","15","-999","-999","-999","0","0"
"Indonesia-Teluk-Lutjanus_Gibbus_LengthData.csv","2012","-999","15","-999","-999","-999","0","0"
"Indonesia-Teluk-Lutjanus_Gibbus_LengthData.csv","2012","-999","15","-999","-999","-999","0","0"
"Indonesia-Teluk-Lutjanus_Gibbus_LengthData.csv","2012","-999","15","-999","-999","-999","0","0"
"Indonesia-Teluk-Lutjanus_Gibbus_LengthData.csv","2012","-999","15","-999","-999","-999","0","0"
"Indonesia-Teluk-Lutjanus_Gibbus_LengthData.csv","2012","-999","15","-999","-999","-999","0","0"
"Indonesia-Teluk-Lutjanus_Gibbus_LengthData.csv","2012","-999","15","-999","-999","-999","0","0"
"Indonesia-Teluk-Lutjanus_Gibbus_LengthData.csv","2012","-999","15","-999","-999","-999","0","0"
"Indonesia-Teluk-Lutjanus_Gibbus_LengthData.csv","2012","-999","15","-999","-999","-999","0","0"
"Indonesia-Teluk-Lutjanus_Gibbus_LengthData.csv","2012","-999","15","-999","-999","-999","1","0"
"Indonesia-Teluk-Lutjanus_Gibbus_LengthData.csv","2012","-999","15","-999","-999","-999","1","0"
"Indonesia-Teluk-Lutjanus_Gibbus_LengthData.csv","2012","-999","15","-999","-999","-999","1","0"
"Indonesia-Teluk-Lutjanus_Gibbus_LengthData.csv","2012","-999","15","-999","-999","-999","1","0"
"Indonesia-Teluk-Lutjanus_Gibbus_LengthData.csv","2012","-999","15","-999","-999","-999","1","0"
"Indonesia-Teluk-Lutjanus_Gibbus_LengthData.csv","2012","-999","15","-999","-999","-999","1","0"
"Indonesia-Teluk-Lutjanus_Gibbus_LengthData.csv","2012","-999","15","-999","-999","-999","1","0"
"Indonesia-Teluk-Lutjanus_Gibbus_LengthData.csv","2012","-999","15","-999","-999","-999","1","0"
"Indonesia-Teluk-Lutjanus_Gibbus_LengthData.csv","2012","-999","15","-999","-999","-999","1","0"
"Indonesia-Teluk-Lutjanus_Gibbus_LengthData.csv","2012","-999","15","-999","-999","-999","1","0"
"Indonesia-Teluk-Lutjanus_Gibbus_LengthData.csv","2012","-999","15","-999","-999","-999","1","0"
"Indonesia-Teluk-Lutjanus_Gibbus_LengthData.csv","2012","-999","15","-999","-999","-999","1","0"
"Indonesia-Teluk-Lutjanus_Gibbus_LengthData.csv","2012","-999","15","-999","-999","-999","1","0"
"Indonesia-Teluk-Lutjanus_Gibbus_LengthData.csv","2012","-999","15","-999","-999","-999","1","0"
"Indonesia-Teluk-Lutjanus_Gibbus_LengthData.csv","2012","-999","15","-999","-999","-999","1","0"
"Indonesia-Teluk-Lutjanus_Gibbus_LengthData.csv","2012","-999","15","-999","-999","-999","1","0"
"Indonesia-Teluk-Lutjanus_Gibbus_LengthData.csv","2012","-999","15","-999","-999","-999","1","0"
"Indonesia-Teluk-Lutjanus_Gibbus_LengthData.csv","2012","-999","15","-999","-999","-999","1","0"
"Indonesia-Teluk-Lutjanus_Gibbus_LengthData.csv","2012","-999","15","-999","-999","-999","1","0"
"Indonesia-Teluk-Lutjanus_Gibbus_LengthData.csv","2012","-999","15","-999","-999","-999","1","0"
"Indonesia-Teluk-Lutjanus_Gibbus_LengthData.csv","2012","-999","15","-999","-999","-999","1","0"
"Indonesia-Teluk-Lutjanus_Gibbus_LengthData.csv","2012","-999","15","-999","-999","-999","1","0"
"Indonesia-Teluk-Lutjanus_Gibbus_LengthData.csv","2012","-999","15","-999","-999","-999","1","0"
"Indonesia-Teluk-Lutjanus_Gibbus_LengthData.csv","2012","-999","15","-999","-999","-999","1","0"
"Indonesia-Teluk-Lutjanus_Gibbus_LengthData.csv","2012","-999","15","-999","-999","-999","1","0"
"Indonesia-Teluk-Lutjanus_Gibbus_LengthData.csv","2012","-999","15","-999","-999","-999","1","0"
"Indonesia-Teluk-Lutjanus_Gibbus_LengthData.csv","2012","-999","15","-999","-999","-999","1","0"
"Indonesia-Teluk-Lutjanus_Gibbus_LengthData.csv","2012","-999","15","-999","-999","-999","1","0"
"Indonesia-Teluk-Lutjanus_Gibbus_LengthData.csv","2012","-999","15","-999","-999","-999","1","0"
"Indonesia-Teluk-Lutjanus_Gibbus_LengthData.csv","2012","-999","15","-999","-999","-999","1","0"
"Indonesia-Teluk-Lutjanus_Gibbus_LengthData.csv","2012","-999","15","-999","-999","-999","1","0"
"Indonesia-Teluk-Lutjanus_Gibbus_LengthData.csv","2012","-999","15","-999","-999","-999","1","0"
"Indonesia-Teluk-Lutjanus_Gibbus_LengthData.csv","2012","-999","15","-999","-999","-999","1","0"
"Indonesia-Teluk-Lutjanus_Gibbus_LengthData.csv","2012","-999","15","-999","-999","-999","1","0"
"Indonesia-Teluk-Lutjanus_Gibbus_LengthData.csv","2012","-999","15","-999","-999","-999","1","0"
"Indonesia-Teluk-Lutjanus_Gibbus_LengthData.csv","2012","-999","15","-999","-999","-999","1","0"
"Indonesia-Teluk-Lutjanus_Gibbus_LengthData.csv","2012","-999","15","-999","-999","-999","1","0"
"Indonesia-Teluk-Lutjanus_Gibbus_LengthData.csv","2012","-999","15","-999","-999","-999","1","0"
"Indonesia-Teluk-Lutjanus_Gibbus_LengthData.csv","2012","-999","15","-999","-999","-999","1","0"
"Indonesia-Teluk-Lutjanus_Gibbus_LengthData.csv","2012","-999","15","-999","-999","-999","1","0"
"Indonesia-Teluk-Lutjanus_Gibbus_LengthData.csv","2012","-999","15","-999","-999","-999","1","0"
"Indonesia-Teluk-Lutjanus_Gibbus_LengthData.csv","2012","-999","15","-999","-999","-999","1","0"
"Indonesia-Teluk-Lutjanus_Gibbus_LengthData.csv","2012","-999","15","-999","-999","-999","1","0"
"Indonesia-Teluk-Lutjanus_Gibbus_LengthData.csv","2012","-999","15","-999","-999","-999","1","0"
"Indonesia-Teluk-Lutjanus_Gibbus_LengthData.csv","2012","-999","15","-999","-999","-999","1","0"
"Indonesia-Teluk-Lutjanus_Gibbus_LengthData.csv","2012","-999","15","-999","-999","-999","1","0"
"Indonesia-Teluk-Lutjanus_Gibbus_LengthData.csv","2012","-999","15","-999","-999","-999","1","0"
"Indonesia-Teluk-Lutjanus_Gibbus_LengthData.csv","2012","-999","15","-999","-999","-999","1","0"
"Indonesia-Teluk-Lutjanus_Gibbus_LengthData.csv","2012","-999","15","-999","-999","-999","1","0"
"Indonesia-Teluk-Lutjanus_Gibbus_LengthData.csv","2012","-999","15","-999","-999","-999","1","0"
"Indonesia-Teluk-Lutjanus_Gibbus_LengthData.csv","2012","-999","15","-999","-999","-999","1","0"
"Indonesia-Teluk-Lutjanus_Gibbus_LengthData.csv","2012","-999","15","-999","-999","-999","1","0"
"Indonesia-Teluk-Lutjanus_Gibbus_LengthData.csv","2012","-999","15","-999","-999","-999","1","0"
"Indonesia-Teluk-Lutjanus_Gibbus_LengthData.csv","2012","-999","15","-999","-999","-999","1","0"
"Indonesia-Teluk-Lutjanus_Gibbus_LengthData.csv","2012","-999","15","-999","-999","-999","1","0"
"Indonesia-Teluk-Lutjanus_Gibbus_LengthData.csv","2012","-999","15","-999","-999","-999","1","0"
"Indonesia-Teluk-Lutjanus_Gibbus_LengthData.csv","2012","-999","15","-999","-999","-999","1","0"
"Indonesia-Teluk-Lutjanus_Gibbus_LengthData.csv","2012","-999","15","-999","-999","-999","1","0"
"Indonesia-Teluk-Lutjanus_Gibbus_LengthData.csv","2012","-999","15","-999","-999","-999","1","0"
"Indonesia-Teluk-Lutjanus_Gibbus_LengthData.csv","2012","-999","15","-999","-999","-999","1","0"
"Indonesia-Teluk-Lutjanus_Gibbus_LengthData.csv","2012","-999","15","-999","-999","-999","1","0"
"Indonesia-Teluk-Lutjanus_Gibbus_LengthData.csv","2012","-999","15","-999","-999","-999","1","0"
"Indonesia-Teluk-Lutjanus_Gibbus_LengthData.csv","2012","-999","15","-999","-999","-999","1","0"
"Indonesia-Teluk-Lutjanus_Gibbus_LengthData.csv","2012","-999","15","-999","-999","-999","1","0"
"Indonesia-Teluk-Lutjanus_Gibbus_LengthData.csv","2012","-999","15","-999","-999","-999","1","0"
"Indonesia-Teluk-Lutjanus_Gibbus_LengthData.csv","2012","-999","15","-999","-999","-999","1","0"
"Indonesia-Teluk-Lutjanus_Gibbus_LengthData.csv","2012","-999","15","-999","-999","-999","1","0"
"Indonesia-Teluk-Lutjanus_Gibbus_LengthData.csv","2012","-999","15","-999","-999","-999","1","0"
"Indonesia-Teluk-Lutjanus_Gibbus_LengthData.csv","2012","-999","15","-999","-999","-999","1","0"
"Indonesia-Teluk-Lutjanus_Gibbus_LengthData.csv","2012","-999","15","-999","-999","-999","1","0"
"Indonesia-Teluk-Lutjanus_Gibbus_LengthData.csv","2012","-999","15","-999","-999","-999","1","0"
"Indonesia-Teluk-Lutjanus_Gibbus_LengthData.csv","2012","-999","15","-999","-999","-999","1","0"
"Indonesia-Teluk-Lutjanus_Gibbus_LengthData.csv","2012","-999","15","-999","-999","-999","1","0"
"Indonesia-Teluk-Lutjanus_Gibbus_LengthData.csv","2012","-999","15","-999","-999","-999","1","0"
"Indonesia-Teluk-Lutjanus_Gibbus_LengthData.csv","2012","-999","15","-999","-999","-999","1","0"
"Indonesia-Teluk-Lutjanus_Gibbus_LengthData.csv","2012","-999","15","-999","-999","-999","1","0"
"Indonesia-Teluk-Lutjanus_Gibbus_LengthData.csv","2012","-999","15","-999","-999","-999","1","0"
"Indonesia-Teluk-Lutjanus_Gibbus_LengthData.csv","2012","-999","15","-999","-999","-999","1","0"
"Indonesia-Teluk-Lutjanus_Gibbus_LengthData.csv","2012","-999","15","-999","-999","-999","1","0"
"Indonesia-Teluk-Lutjanus_Gibbus_LengthData.csv","2012","-999","15","-999","-999","-999","1","0"
"Indonesia-Teluk-Lutjanus_Gibbus_LengthData.csv","2012","-999","15","-999","-999","-999","1","0"
"Indonesia-Teluk-Lutjanus_Gibbus_LengthData.csv","2012","-999","15","-999","-999","-999","1","0"
"Indonesia-Teluk-Lutjanus_Gibbus_LengthData.csv","2012","-999","15","-999","-999","-999","1","0"
"Indonesia-Teluk-Lutjanus_Gibbus_LengthData.csv","2012","-999","15","-999","-999","-999","1","0"
"Indonesia-Teluk-Lutjanus_Gibbus_LengthData.csv","2012","-999","15","-999","-999","-999","1","0"
"Indonesia-Teluk-Lutjanus_Gibbus_LengthData.csv","2012","-999","15","-999","-999","-999","1","0"
"Indonesia-Teluk-Lutjanus_Gibbus_LengthData.csv","2012","-999","15","-999","-999","-999","1","0"
"Indonesia-Teluk-Lutjanus_Gibbus_LengthData.csv","2012","-999","15","-999","-999","-999","1","0"
"Indonesia-Teluk-Lutjanus_Gibbus_LengthData.csv","2012","-999","15","-999","-999","-999","1","0"
"Indonesia-Teluk-Lutjanus_Gibbus_LengthData.csv","2012","-999","15","-999","-999","-999","1","0"
"Indonesia-Teluk-Lutjanus_Gibbus_LengthData.csv","2012","-999","15","-999","-999","-999","1","0"
"Indonesia-Teluk-Lutjanus_Gibbus_LengthData.csv","2012","-999","15","-999","-999","-999","1","0"
"Indonesia-Teluk-Lutjanus_Gibbus_LengthData.csv","2012","-999","15","-999","-999","-999","1","0"
"Indonesia-Teluk-Lutjanus_Gibbus_LengthData.csv","2012","-999","15","-999","-999","-999","1","0"
"Indonesia-Teluk-Lutjanus_Gibbus_LengthData.csv","2012","-999","15","-999","-999","-999","1","0"
"Indonesia-Teluk-Lutjanus_Gibbus_LengthData.csv","2012","-999","15","-999","-999","-999","1","0"
"Indonesia-Teluk-Lutjanus_Gibbus_LengthData.csv","2012","-999","15","-999","-999","-999","1","0"
"Indonesia-Teluk-Lutjanus_Gibbus_LengthData.csv","2012","-999","15","-999","-999","-999","1","0"
"Indonesia-Teluk-Lutjanus_Gibbus_LengthData.csv","2012","-999","15","-999","-999","-999","1","0"
"Indonesia-Teluk-Lutjanus_Gibbus_LengthData.csv","2012","-999","15","-999","-999","-999","1","0"
"Indonesia-Teluk-Lutjanus_Gibbus_LengthData.csv","2012","-999","20","-999","-999","-999","1","0"
"Indonesia-Teluk-Lutjanus_Gibbus_LengthData.csv","2012","-999","20","-999","-999","-999","1","0"
"Indonesia-Teluk-Lutjanus_Gibbus_LengthData.csv","2012","-999","20","-999","-999","-999","1","0"
"Indonesia-Teluk-Lutjanus_Gibbus_LengthData.csv","2012","-999","20","-999","-999","-999","1","0"
"Indonesia-Teluk-Lutjanus_Gibbus_LengthData.csv","2012","-999","20","-999","-999","-999","1","0"
"Indonesia-Teluk-Lutjanus_Gibbus_LengthData.csv","2012","-999","20","-999","-999","-999","1","0"
"Indonesia-Teluk-Lutjanus_Gibbus_LengthData.csv","2012","-999","20","-999","-999","-999","1","0"
"Indonesia-Teluk-Lutjanus_Gibbus_LengthData.csv","2012","-999","20","-999","-999","-999","1","0"
"Indonesia-Teluk-Lutjanus_Gibbus_LengthData.csv","2012","-999","20","-999","-999","-999","1","0"
"Indonesia-Teluk-Lutjanus_Gibbus_LengthData.csv","2012","-999","20","-999","-999","-999","1","0"
"Indonesia-Teluk-Lutjanus_Gibbus_LengthData.csv","2012","-999","20","-999","-999","-999","1","0"
"Indonesia-Teluk-Lutjanus_Gibbus_LengthData.csv","2012","-999","20","-999","-999","-999","1","0"
"Indonesia-Teluk-Lutjanus_Gibbus_LengthData.csv","2012","-999","20","-999","-999","-999","1","0"
"Indonesia-Teluk-Lutjanus_Gibbus_LengthData.csv","2012","-999","20","-999","-999","-999","1","0"
"Indonesia-Teluk-Lutjanus_Gibbus_LengthData.csv","2012","-999","20","-999","-999","-999","1","0"
"Indonesia-Teluk-Lutjanus_Gibbus_LengthData.csv","2012","-999","20","-999","-999","-999","1","0"
"Indonesia-Teluk-Lutjanus_Gibbus_LengthData.csv","2012","-999","20","-999","-999","-999","1","0"
"Indonesia-Teluk-Lutjanus_Gibbus_LengthData.csv","2012","-999","20","-999","-999","-999","1","0"
"Indonesia-Teluk-Lutjanus_Gibbus_LengthData.csv","2012","-999","20","-999","-999","-999","1","0"
"Indonesia-Teluk-Lutjanus_Gibbus_LengthData.csv","2012","-999","20","-999","-999","-999","1","0"
"Indonesia-Teluk-Lutjanus_Gibbus_LengthData.csv","2012","-999","15","-999","-999","-999","1","0"
"Indonesia-Teluk-Lutjanus_Gibbus_LengthData.csv","2012","-999","15","-999","-999","-999","1","0"
"Indonesia-Teluk-Lutjanus_Gibbus_LengthData.csv","2012","-999","15","-999","-999","-999","1","0"
"Indonesia-Teluk-Lutjanus_Gibbus_LengthData.csv","2012","-999","15","-999","-999","-999","1","0"
"Indonesia-Teluk-Lutjanus_Gibbus_LengthData.csv","2012","-999","15","-999","-999","-999","1","0"
"Indonesia-Teluk-Lutjanus_Gibbus_LengthData.csv","2012","-999","15","-999","-999","-999","1","0"
"Indonesia-Teluk-Lutjanus_Gibbus_LengthData.csv","2012","-999","15","-999","-999","-999","1","0"
"Indonesia-Teluk-Lutjanus_Gibbus_LengthData.csv","2012","-999","15","-999","-999","-999","1","0"
"Indonesia-Teluk-Lutjanus_Gibbus_LengthData.csv","2012","-999","15","-999","-999","-999","1","0"
"Indonesia-Teluk-Lutjanus_Gibbus_LengthData.csv","2012","-999","15","-999","-999","-999","1","0"
"Indonesia-Teluk-Lutjanus_Gibbus_LengthData.csv","2012","-999","40","-999","-999","-999","1","0"
"Indonesia-Teluk-Lutjanus_Gibbus_LengthData.csv","2012","-999","20","-999","-999","-999","1","0"
"Indonesia-Teluk-Lutjanus_Gibbus_LengthData.csv","2012","-999","20","-999","-999","-999","1","0"
"Indonesia-Teluk-Lutjanus_Gibbus_LengthData.csv","2012","-999","20","-999","-999","-999","1","0"
"Indonesia-Teluk-Lutjanus_Gibbus_LengthData.csv","2012","-999","20","-999","-999","-999","1","0"
"Indonesia-Teluk-Lutjanus_Gibbus_LengthData.csv","2012","-999","20","-999","-999","-999","1","0"
"Indonesia-Teluk-Lutjanus_Gibbus_LengthData.csv","2012","-999","20","-999","-999","-999","1","0"
"Indonesia-Teluk-Lutjanus_Gibbus_LengthData.csv","2012","-999","20","-999","-999","-999","1","0"
"Indonesia-Teluk-Lutjanus_Gibbus_LengthData.csv","2012","-999","20","-999","-999","-999","1","0"
"Indonesia-Teluk-Lutjanus_Gibbus_LengthData.csv","2012","-999","20","-999","-999","-999","1","0"
"Indonesia-Teluk-Lutjanus_Gibbus_LengthData.csv","2012","-999","20","-999","-999","-999","1","0"
"Indonesia-Teluk-Lutjanus_Gibbus_LengthData.csv","2012","-999","20","-999","-999","-999","1","0"
